Date,Company,Stock,L_share,L_capital,M_capitalization,T_volume,T_value,L_turnover_ratio
2019-01-02,788,901,5.21E+07,1.12E+08,1.32E+09,326368,4295872,0.63
2019-01-03,788,901,5.21E+07,1.12E+08,1.31E+09,427976,5358519,0.82
2019-01-04,788,901,5.21E+07,1.12E+08,1.32E+09,408991,5490148,0.78
2019-01-07,788,901,5.21E+07,1.12E+08,1.34E+09,440191,5301385,0.84
2019-01-08,788,901,5.22E+07,1.12E+08,1.33E+09,397831,4826642,0.76
2019-01-09,788,901,5.22E+07,1.12E+08,1.36E+09,386248,5532689,0.74
2019-01-10,788,901,5.22E+07,1.12E+08,1.36E+09,382877,5434257,0.73
2019-01-11,788,901,5.23E+07,1.12E+08,1.37E+09,380061,4592461,0.73
2019-01-14,788,901,5.23E+07,1.12E+08,1.36E+09,432891,4941021,0.83
2019-01-15,788,901,5.23E+07,1.12E+08,1.38E+09,439489,5236964,0.84
2019-01-16,788,901,5.23E+07,1.12E+08,1.39E+09,500078,5352467,0.96
2019-01-17,788,901,5.23E+07,1.12E+08,1.39E+09,475885,5857767,0.91
2019-01-18,788,901,5.23E+07,1.12E+08,1.40E+09,456738,5356125,0.87
2019-01-21,788,901,5.23E+07,1.12E+08,1.40E+09,398035,5320635,0.76
2019-01-22,788,901,5.23E+07,1.12E+08,1.40E+09,419441,4897406,0.8
2019-01-23,788,901,5.23E+07,1.12E+08,1.40E+09,408600,5170562,0.78
2019-01-24,788,901,5.23E+07,1.12E+08,1.42E+09,413652,6035836,0.79
2019-01-25,788,901,5.23E+07,1.12E+08,1.44E+09,410002,7065652,0.78
2019-01-28,788,901,5.23E+07,1.12E+08,1.44E+09,371619,6060559,0.71
2019-01-29,788,901,5.23E+07,1.12E+08,1.44E+09,552587,6504583,1.06
2019-01-30,788,901,5.23E+07,1.12E+08,1.46E+09,480390,6875693,0.92
2019-01-31,788,901,5.24E+07,1.12E+08,1.46E+09,545248,7762307,1.04
2019-02-01,788,901,5.24E+07,1.12E+08,1.45E+09,479379,6874000,0.92
2019-02-07,788,901,5.24E+07,1.12E+08,1.45E+09,427843,6339361,0.82
2019-02-08,788,901,5.24E+07,1.12E+08,1.44E+09,391029,5728530,0.75
2019-02-11,788,901,5.24E+07,1.12E+08,1.44E+09,406060,5327610,0.78
2019-02-12,788,901,5.24E+07,1.12E+08,1.45E+09,429940,5929463,0.82
2019-02-13,788,901,5.24E+07,1.12E+08,1.45E+09,421990,5585495,0.81
2019-02-14,788,901,5.24E+07,1.12E+08,1.47E+09,573362,6426023,1.09
2019-02-15,788,901,5.24E+07,1.12E+08,1.45E+09,400592,5097631,0.76
2019-02-18,788,901,5.24E+07,1.12E+08,1.46E+09,314371,4668187,0.6
2019-02-19,788,901,5.25E+07,1.12E+08,1.46E+09,389094,4534559,0.74
2019-02-20,788,901,5.25E+07,1.12E+08,1.47E+09,374342,5948417,0.71
2019-02-21,788,901,5.25E+07,1.12E+08,1.47E+09,382511,5480910,0.73
2019-02-22,788,901,5.25E+07,1.12E+08,1.47E+09,409311,4645184,0.78
2019-02-25,788,901,5.25E+07,1.12E+08,1.47E+09,339234,4689861,0.65
2019-02-26,788,901,5.25E+07,1.12E+08,1.47E+09,331962,5024238,0.63
2019-02-27,788,901,5.25E+07,1.12E+08,1.48E+09,301513,4914613,0.57
2019-02-28,788,901,5.25E+07,1.12E+08,1.45E+09,510022,8307296,0.97
2019-03-04,788,901,5.25E+07,1.12E+08,1.45E+09,373166,6405237,0.71
2019-03-05,788,901,5.25E+07,1.12E+08,1.44E+09,313146,4980941,0.6
2019-03-06,788,901,5.25E+07,1.12E+08,1.44E+09,328943,4828088,0.63
2019-03-07,788,901,5.25E+07,1.12E+08,1.43E+09,292578,4858919,0.56
2019-03-08,788,901,5.25E+07,1.12E+08,1.41E+09,313315,4497331,0.6
2019-03-11,788,901,5.25E+07,1.12E+08,1.41E+09,272103,4077476,0.52
2019-03-12,789,902,5.25E+07,1.12E+08,1.42E+09,355283,4222805,0.68
2019-03-13,789,902,5.25E+07,1.12E+08,1.42E+09,285601,4088451,0.54
2019-03-14,790,903,5.26E+07,1.12E+08,1.42E+09,341010,5882524,0.65
2019-03-15,790,903,5.26E+07,1.12E+08,1.44E+09,387136,6821324,0.74
2019-03-18,790,903,5.26E+07,1.12E+08,1.44E+09,257951,4093226,0.49
2019-03-19,790,903,5.26E+07,1.12E+08,1.44E+09,319703,3867859,0.61
2019-03-20,790,903,5.26E+07,1.12E+08,1.44E+09,317607,4175741,0.6
2019-03-21,790,903,5.26E+07,1.12E+08,1.45E+09,342747,6229925,0.65
2019-03-22,790,903,5.26E+07,1.12E+08,1.45E+09,333618,6881723,0.63
2019-03-25,790,903,5.26E+07,1.12E+08,1.42E+09,307071,4136472,0.58
2019-03-26,790,903,5.26E+07,1.12E+08,1.42E+09,301254,4248900,0.57
2019-03-27,790,903,5.26E+07,1.12E+08,1.42E+09,363169,4490156,0.69
2019-03-28,791,904,5.26E+07,1.12E+08,1.41E+09,288036,4403906,0.55
2019-03-29,791,904,5.26E+07,1.12E+08,1.42E+09,364619,5248941,0.69
2019-04-01,791,904,5.26E+07,1.12E+08,1.44E+09,263313,4365111,0.5
2019-04-02,791,904,5.26E+07,1.12E+08,1.44E+09,257453,4247457,0.49
2019-04-03,791,904,5.26E+07,1.12E+08,1.46E+09,358645,5466969,0.68
2019-04-04,791,904,5.26E+07,1.12E+08,1.46E+09,431013,4857554,0.82
2019-04-05,791,904,5.26E+07,1.12E+08,1.46E+09,517153,4215787,0.98
2019-04-08,791,904,5.27E+07,1.12E+08,1.46E+09,347910,4660047,0.66
2019-04-09,791,904,5.27E+07,1.12E+08,1.47E+09,414809,4904130,0.79
2019-04-10,791,904,5.27E+07,1.12E+08,1.47E+09,399695,5135094,0.76
2019-04-11,791,904,5.27E+07,1.12E+08,1.47E+09,402016,6022087,0.76
2019-04-12,791,904,5.28E+07,1.12E+08,1.48E+09,449634,6098418,0.85
2019-04-15,791,904,5.28E+07,1.12E+08,1.49E+09,404160,6668129,0.77
2019-04-16,791,904,5.28E+07,1.12E+08,1.49E+09,569056,7083491,1.08
2019-04-17,791,904,5.28E+07,1.12E+08,1.49E+09,452475,5586184,0.86
2019-04-18,791,904,5.28E+07,1.13E+08,1.47E+09,573343,6501104,1.09
2019-04-19,791,904,5.28E+07,1.13E+08,1.47E+09,525264,4965672,0.99
2019-04-22,791,904,5.28E+07,1.13E+08,1.47E+09,493984,4639971,0.94
2019-04-23,791,904,5.28E+07,1.13E+08,1.47E+09,481178,4922938,0.91
2019-04-24,791,904,5.28E+07,1.13E+08,1.46E+09,575100,6342430,1.09
2019-04-25,791,904,5.28E+07,1.13E+08,1.45E+09,441137,5610697,0.84
2019-04-26,791,904,5.28E+07,1.13E+08,1.45E+09,570172,5346146,1.08
2019-04-29,791,904,5.28E+07,1.13E+08,1.47E+09,380823,4985906,0.72
2019-04-30,791,904,5.28E+07,1.13E+08,1.46E+09,381414,5697107,0.72
2019-05-02,791,904,5.29E+07,1.13E+08,1.47E+09,369059,5026634,0.7
2019-05-03,791,904,5.30E+07,1.13E+08,1.46E+09,617878,5297907,1.17
2019-05-07,790,903,5.31E+07,1.13E+08,1.44E+09,484097,5467057,0.91
2019-05-08,790,903,5.31E+07,1.13E+08,1.44E+09,456334,5170591,0.86
2019-05-09,790,903,5.31E+07,1.13E+08,1.39E+09,743507,8236438,1.4
2019-05-10,790,901,5.31E+07,1.13E+08,1.40E+09,714766,6407849,1.35
2019-05-13,790,901,5.31E+07,1.13E+08,1.38E+09,505751,4601111,0.95
2019-05-14,790,901,5.31E+07,1.13E+08,1.38E+09,696195,5865912,1.31
2019-05-15,790,901,5.31E+07,1.13E+08,1.39E+09,577795,5052873,1.09
2019-05-16,790,901,5.32E+07,1.13E+08,1.37E+09,745164,6042440,1.4
2019-05-17,790,901,5.32E+07,1.13E+08,1.36E+09,537380,5378895,1.01
2019-05-20,789,900,5.32E+07,1.13E+08,1.36E+09,640195,4889671,1.2
2019-05-21,789,900,5.31E+07,1.12E+08,1.37E+09,526859,5272369,0.99
2019-05-22,789,900,5.31E+07,1.12E+08,1.37E+09,509974,4637965,0.96
2019-05-23,789,900,5.32E+07,1.12E+08,1.37E+09,509269,4819255,0.96
2019-05-24,789,900,5.34E+07,1.13E+08,1.36E+09,480648,4581386,0.9
2019-05-27,789,900,5.34E+07,1.13E+08,1.36E+09,351616,3506627,0.66
2019-05-28,789,900,5.34E+07,1.13E+08,1.36E+09,494479,8080273,0.93
2019-05-29,790,901,5.36E+07,1.13E+08,1.35E+09,380894,4686652,0.71
2019-05-30,790,901,5.36E+07,1.13E+08,1.36E+09,461850,4978843,0.86
2019-05-31,790,901,5.36E+07,1.13E+08,1.36E+09,439182,5039081,0.82
2019-06-03,790,901,5.36E+07,1.13E+08,1.38E+09,387146,4640457,0.72
2019-06-04,790,901,5.36E+07,1.13E+08,1.38E+09,435992,4841761,0.81
2019-06-05,790,901,5.36E+07,1.13E+08,1.38E+09,380157,4506228,0.71
2019-06-07,790,901,5.36E+07,1.13E+08,1.38E+09,368392,4347351,0.69
2019-06-10,790,901,5.36E+07,1.13E+08,1.40E+09,457641,4214044,0.85
2019-06-11,790,901,5.36E+07,1.13E+08,1.41E+09,550740,4276695,1.03
2019-06-12,790,901,5.36E+07,1.13E+08,1.40E+09,693508,4661010,1.29
2019-06-13,790,901,5.36E+07,1.13E+08,1.40E+09,553393,5998223,1.03
2019-06-14,790,901,5.36E+07,1.13E+08,1.40E+09,473370,4716416,0.88
2019-06-17,790,901,5.36E+07,1.13E+08,1.39E+09,561550,4255706,1.05
2019-06-18,790,901,5.36E+07,1.13E+08,1.40E+09,600964,4579592,1.12
2019-06-19,790,901,5.36E+07,1.13E+08,1.41E+09,862980,4984534,1.61
2019-06-20,790,901,5.36E+07,1.13E+08,1.42E+09,1007159,3994784,1.88
2019-06-21,790,901,5.36E+07,1.13E+08,1.42E+09,692028,5226303,1.29
2019-06-24,790,901,5.35E+07,1.13E+08,1.42E+09,669640,4054921,1.25
2019-06-25,790,901,5.35E+07,1.13E+08,1.41E+09,642999,4249732,1.2
2019-06-26,789,900,5.36E+07,1.13E+08,1.41E+09,736852,4455865,1.38
2019-06-27,789,900,5.36E+07,1.13E+08,1.42E+09,644900,5122462,1.2
2019-06-28,789,900,5.36E+07,1.13E+08,1.42E+09,537275,4282405,1
2019-07-01,789,900,5.36E+07,1.13E+08,1.42E+09,412291,4730193,0.77
2019-07-02,789,900,5.36E+07,1.13E+08,1.41E+09,460830,4107542,0.86
2019-07-03,789,900,5.36E+07,1.13E+08,1.40E+09,522709,4615984,0.98
2019-07-04,789,900,5.37E+07,1.13E+08,1.41E+09,446933,4542738,0.83
2019-07-05,789,900,5.37E+07,1.13E+08,1.41E+09,459391,4025814,0.86
2019-07-08,789,900,5.37E+07,1.13E+08,1.38E+09,515950,4349730,0.96
2019-07-09,789,900,5.37E+07,1.13E+08,1.37E+09,440122,4439841,0.82
2019-07-10,789,900,5.37E+07,1.13E+08,1.37E+09,355678,3938557,0.66
2019-07-11,789,900,5.37E+07,1.13E+08,1.39E+09,376675,5057466,0.7
2019-07-12,789,900,5.37E+07,1.13E+08,1.39E+09,403935,3775269,0.75
2019-07-15,789,900,5.37E+07,1.13E+08,1.39E+09,463520,3740180,0.86
2019-07-16,789,900,5.37E+07,1.13E+08,1.39E+09,682803,5284193,1.27
2019-07-17,789,900,5.37E+07,1.13E+08,1.38E+09,761626,4643512,1.42
2019-07-18,789,900,5.37E+07,1.13E+08,1.38E+09,446644,3939884,0.83
2019-07-19,789,900,5.37E+07,1.13E+08,1.40E+09,394904,4198432,0.74
2019-07-22,789,900,5.37E+07,1.13E+08,1.40E+09,332630,3206207,0.62
2019-07-23,789,900,5.37E+07,1.13E+08,1.40E+09,648124,4601030,1.21
2019-07-24,789,900,5.37E+07,1.13E+08,1.39E+09,851393,4233306,1.58
2019-07-25,789,900,5.37E+07,1.13E+08,1.38E+09,598634,5207430,1.11
2019-07-26,789,900,5.37E+07,1.13E+08,1.38E+09,589074,5138752,1.1
2019-07-29,789,900,5.37E+07,1.13E+08,1.35E+09,608671,4681216,1.13
2019-07-30,789,900,5.38E+07,1.13E+08,1.36E+09,547030,3877489,1.02
2019-07-31,789,900,5.38E+07,1.13E+08,1.35E+09,589386,5532913,1.1
2019-08-01,789,900,5.38E+07,1.13E+08,1.34E+09,461743,4443150,0.86
2019-08-02,789,900,5.38E+07,1.13E+08,1.33E+09,438538,5338221,0.82
2019-08-05,789,900,5.38E+07,1.13E+08,1.30E+09,639604,6599771,1.19
2019-08-06,789,900,5.38E+07,1.13E+08,1.28E+09,739588,7179083,1.37
2019-08-07,789,900,5.38E+07,1.13E+08,1.27E+09,760777,5373398,1.41
2019-08-08,789,900,5.38E+07,1.13E+08,1.28E+09,777166,6769546,1.44
2019-08-09,789,901,5.38E+07,1.13E+08,1.29E+09,654344,5051265,1.22
2019-08-12,789,901,5.38E+07,1.13E+08,1.30E+09,427141,3997755,0.79
2019-08-13,789,901,5.38E+07,1.13E+08,1.28E+09,660041,4340209,1.23
2019-08-14,789,901,5.40E+07,1.13E+08,1.29E+09,699585,5076486,1.3
2019-08-16,789,901,5.40E+07,1.13E+08,1.29E+09,421682,4274269,0.78
2019-08-19,789,901,5.40E+07,1.13E+08,1.29E+09,481022,3771542,0.89
2019-08-20,789,901,5.40E+07,1.13E+08,1.31E+09,463605,4130253,0.86
2019-08-21,789,901,5.40E+07,1.13E+08,1.31E+09,391568,3821801,0.73
2019-08-22,789,901,5.40E+07,1.13E+08,1.30E+09,435565,4095130,0.81
2019-08-23,789,901,5.40E+07,1.13E+08,1.30E+09,381087,3498465,0.71
2019-08-26,789,901,5.40E+07,1.13E+08,1.28E+09,324853,3751276,0.6
2019-08-27,789,901,5.40E+07,1.13E+08,1.28E+09,427042,5037420,0.79
2019-08-28,789,901,5.40E+07,1.13E+08,1.30E+09,284344,3288745,0.53
2019-08-29,789,901,5.40E+07,1.13E+08,1.29E+09,285103,3709596,0.53
2019-08-30,789,901,5.40E+07,1.13E+08,1.31E+09,317733,4371489,0.59
2019-09-02,789,901,5.40E+07,1.13E+08,1.31E+09,262154,2924232,0.49
2019-09-03,789,901,5.40E+07,1.13E+08,1.31E+09,342077,3916058,0.63
2019-09-04,789,901,5.40E+07,1.13E+08,1.33E+09,348722,4133684,0.65
2019-09-05,789,901,5.40E+07,1.13E+08,1.34E+09,488067,5556532,0.9
2019-09-06,789,901,5.40E+07,1.13E+08,1.34E+09,384441,3667155,0.71
2019-09-09,789,901,5.40E+07,1.13E+08,1.35E+09,511821,4401822,0.95
2019-09-10,789,901,5.40E+07,1.13E+08,1.36E+09,504391,4458785,0.93
2019-09-11,789,901,5.40E+07,1.13E+08,1.37E+09,429075,5997521,0.79
2019-09-16,789,901,5.40E+07,1.13E+08,1.38E+09,493516,5676634,0.91
2019-09-17,789,901,5.40E+07,1.13E+08,1.38E+09,507995,4572241,0.94
2019-09-18,789,901,5.40E+07,1.13E+08,1.38E+09,613148,4849404,1.13
2019-09-19,789,901,5.41E+07,1.14E+08,1.39E+09,493038,4796838,0.91
2019-09-20,789,901,5.41E+07,1.14E+08,1.40E+09,589920,5401657,1.09
2019-09-23,789,901,5.41E+07,1.14E+08,1.40E+09,420948,4095774,0.78
2019-09-24,789,901,5.41E+07,1.14E+08,1.40E+09,535771,4406729,0.99
2019-09-25,789,901,5.41E+07,1.14E+08,1.39E+09,651552,5181992,1.2
2019-09-26,789,901,5.42E+07,1.14E+08,1.39E+09,430577,4656831,0.8
2019-09-27,789,901,5.42E+07,1.14E+08,1.37E+09,285943,3489261,0.53
2019-09-30,789,901,5.42E+07,1.14E+08,1.38E+09,327625,3709169,0.6
2019-10-01,789,901,5.42E+07,1.14E+08,1.39E+09,389336,3869998,0.72
2019-10-02,789,901,5.42E+07,1.14E+08,1.36E+09,414460,3933922,0.77
2019-10-04,789,901,5.42E+07,1.14E+08,1.35E+09,402941,3963264,0.74
2019-10-07,789,901,5.42E+07,1.14E+08,1.35E+09,322185,3412076,0.59
2019-10-08,789,901,5.42E+07,1.14E+08,1.37E+09,437517,4256284,0.81
2019-10-10,789,901,5.42E+07,1.14E+08,1.36E+09,445846,5612446,0.82
2019-10-11,789,901,5.42E+07,1.14E+08,1.37E+09,381147,3790613,0.7
2019-10-14,789,901,5.42E+07,1.14E+08,1.38E+09,511216,4579415,0.94
2019-10-15,789,901,5.42E+07,1.14E+08,1.38E+09,464534,4138986,0.86
2019-10-16,789,901,5.42E+07,1.14E+08,1.39E+09,524545,4463659,0.97
2019-10-17,789,901,5.42E+07,1.14E+08,1.39E+09,314177,3484054,0.58
2019-10-18,792,908,5.43E+07,1.14E+08,1.38E+09,516688,5429307,0.95
2019-10-21,792,908,5.43E+07,1.14E+08,1.38E+09,606109,3598366,1.12
2019-10-22,792,908,5.43E+07,1.14E+08,1.40E+09,504063,4811063,0.93
2019-10-23,792,908,5.43E+07,1.14E+08,1.39E+09,429453,5110884,0.79
2019-10-24,792,908,5.43E+07,1.14E+08,1.40E+09,367717,5208814,0.68
2019-10-25,792,908,5.45E+07,1.14E+08,1.40E+09,348686,4429329,0.64
2019-10-28,792,908,5.45E+07,1.14E+08,1.40E+09,269234,3853805,0.49
2019-10-29,792,908,5.45E+07,1.14E+08,1.40E+09,357662,4067890,0.66
2019-10-30,794,910,5.47E+07,1.14E+08,1.40E+09,415552,5051508,0.76
2019-10-31,794,910,5.47E+07,1.14E+08,1.40E+09,461323,5777341,0.84
2019-11-01,794,910,5.47E+07,1.14E+08,1.41E+09,418314,4599473,0.76
2019-11-04,794,910,5.47E+07,1.14E+08,1.43E+09,476257,5636693,0.87
2019-11-05,794,910,5.47E+07,1.14E+08,1.44E+09,400644,5181344,0.73
2019-11-06,795,911,5.47E+07,1.14E+08,1.44E+09,410085,5680105,0.75
2019-11-07,795,911,5.47E+07,1.14E+08,1.44E+09,425663,5134908,0.78
2019-11-08,795,911,5.47E+07,1.14E+08,1.43E+09,574127,5969290,1.05
2019-11-11,795,911,5.47E+07,1.14E+08,1.43E+09,617266,5346846,1.13
2019-11-12,795,911,5.47E+07,1.14E+08,1.44E+09,610429,5743924,1.12
2019-11-13,796,912,5.49E+07,1.15E+08,1.43E+09,664366,5376791,1.21
2019-11-14,796,912,5.49E+07,1.15E+08,1.44E+09,521110,6080226,0.95
2019-11-15,796,912,5.49E+07,1.15E+08,1.45E+09,556246,5694837,1.01
2019-11-18,796,912,5.49E+07,1.15E+08,1.45E+09,489233,4450920,0.89
2019-11-19,797,913,5.49E+07,1.15E+08,1.45E+09,826885,5605578,1.51
2019-11-20,797,913,5.49E+07,1.15E+08,1.43E+09,581056,5583377,1.06
2019-11-21,797,913,5.49E+07,1.15E+08,1.41E+09,579555,5437430,1.06
2019-11-22,797,913,5.49E+07,1.15E+08,1.41E+09,519852,4310268,0.95
2019-11-25,798,914,5.49E+07,1.15E+08,1.43E+09,397676,4288509,0.72
2019-11-26,798,914,5.49E+07,1.15E+08,1.42E+09,532601,7636051,0.97
2019-11-27,798,914,5.49E+07,1.15E+08,1.43E+09,367796,4318300,0.67
2019-11-28,798,914,5.49E+07,1.15E+08,1.42E+09,335227,4483257,0.61
2019-11-29,798,914,5.49E+07,1.15E+08,1.40E+09,433261,5100927,0.79
2019-12-02,798,914,5.49E+07,1.15E+08,1.40E+09,385344,4515836,0.7
2019-12-03,798,914,5.49E+07,1.15E+08,1.40E+09,450040,4709540,0.82
2019-12-04,798,914,5.49E+07,1.15E+08,1.39E+09,347003,5085779,0.63
2019-12-05,799,915,5.50E+07,1.15E+08,1.38E+09,472188,4625011,0.86
2019-12-06,799,915,5.50E+07,1.15E+08,1.40E+09,440188,4215044,0.8
2019-12-09,799,915,5.50E+07,1.15E+08,1.40E+09,393127,3982512,0.72
2019-12-10,799,915,5.50E+07,1.15E+08,1.41E+09,500064,4172975,0.91
2019-12-11,799,915,5.50E+07,1.15E+08,1.41E+09,668731,4837221,1.22
2019-12-12,799,915,5.50E+07,1.15E+08,1.44E+09,584637,8339490,1.06
2019-12-13,799,915,5.50E+07,1.15E+08,1.46E+09,540027,6253216,0.98
2019-12-16,799,915,5.50E+07,1.15E+08,1.46E+09,377054,4561208,0.69
2019-12-17,799,915,5.51E+07,1.15E+08,1.48E+09,599534,6380891,1.09
2019-12-18,799,915,5.51E+07,1.15E+08,1.48E+09,591106,5519070,1.07
2019-12-19,799,915,5.51E+07,1.15E+08,1.48E+09,643144,5262212,1.17
2019-12-20,799,915,5.51E+07,1.15E+08,1.48E+09,646683,5020843,1.17
2019-12-23,799,915,5.51E+07,1.15E+08,1.48E+09,502034,4734276,0.91
2019-12-24,799,915,5.51E+07,1.15E+08,1.47E+09,569968,4756455,1.03
2019-12-26,799,916,5.51E+07,1.15E+08,1.48E+09,571309,4795110,1.04
2019-12-27,799,916,5.53E+07,1.15E+08,1.48E+09,490168,5429665,0.89
2019-12-30,799,916,5.53E+07,1.15E+08,1.48E+09,416403,4113598,0.75
2020-01-02,799,916,5.53E+07,1.15E+08,1.46E+09,494678,4638167,0.89
2020-01-03,799,916,5.53E+07,1.15E+08,1.46E+09,631563,5763663,1.14
2020-01-06,799,916,5.53E+07,1.15E+08,1.45E+09,592671,5156541,1.07
2020-01-07,799,916,5.53E+07,1.15E+08,1.46E+09,568236,5143512,1.03
2020-01-08,799,916,5.53E+07,1.15E+08,1.45E+09,913831,8750722,1.65
2020-01-09,799,916,5.54E+07,1.15E+08,1.47E+09,592604,7261591,1.07
2020-01-10,799,916,5.54E+07,1.15E+08,1.48E+09,594537,6459300,1.07
2020-01-13,799,916,5.54E+07,1.15E+08,1.50E+09,488289,6214780,0.88
2020-01-14,799,916,5.54E+07,1.15E+08,1.51E+09,835899,7294228,1.51
2020-01-15,799,916,5.54E+07,1.15E+08,1.50E+09,746156,5946351,1.35
2020-01-16,799,916,5.54E+07,1.15E+08,1.51E+09,808332,6204474,1.46
2020-01-17,799,916,5.54E+07,1.15E+08,1.52E+09,580816,5444384,1.05
2020-01-20,799,916,5.54E+07,1.15E+08,1.52E+09,545491,5950403,0.98
2020-01-21,800,917,5.54E+07,1.15E+08,1.51E+09,770320,5569551,1.39
2020-01-22,800,917,5.55E+07,1.15E+08,1.53E+09,608510,6365617,1.1
2020-01-23,800,917,5.55E+07,1.15E+08,1.51E+09,509609,6790104,0.92
2020-01-28,800,917,5.55E+07,1.15E+08,1.47E+09,808879,8818232,1.46
2020-01-29,800,917,5.55E+07,1.15E+08,1.47E+09,692301,6589950,1.25
2020-01-30,800,917,5.55E+07,1.15E+08,1.45E+09,602838,7105203,1.09
2020-01-31,800,917,5.55E+07,1.15E+08,1.43E+09,710508,7226687,1.28
2020-02-03,800,917,5.55E+07,1.15E+08,1.43E+09,836700,8068704,1.51
2020-02-04,800,917,5.55E+07,1.15E+08,1.45E+09,624642,7791178,1.13
2020-02-05,800,917,5.55E+07,1.15E+08,1.46E+09,574396,7736275,1.04
2020-02-06,800,917,5.55E+07,1.15E+08,1.50E+09,695216,8334738,1.25
2020-02-07,800,917,5.55E+07,1.15E+08,1.49E+09,800342,8813174,1.44
2020-02-10,800,917,5.55E+07,1.15E+08,1.48E+09,609566,5471061,1.1
2020-02-11,800,917,5.55E+07,1.15E+08,1.50E+09,526211,6611195,0.95
2020-02-12,800,917,5.55E+07,1.15E+08,1.51E+09,632463,6892198,1.14
2020-02-13,800,917,5.55E+07,1.15E+08,1.51E+09,638666,8121197,1.15
2020-02-14,799,916,5.55E+07,1.15E+08,1.51E+09,597224,6379565,1.08
2020-02-17,799,916,5.55E+07,1.15E+08,1.51E+09,458248,5639201,0.83
2020-02-18,799,916,5.55E+07,1.15E+08,1.49E+09,470425,6411451,0.85
2020-02-19,799,916,5.54E+07,1.15E+08,1.49E+09,591155,7107034,1.07
2020-02-20,799,916,5.54E+07,1.15E+08,1.48E+09,709564,7677672,1.28
2020-02-21,799,916,5.52E+07,1.15E+08,1.46E+09,635474,7105856,1.15
2020-02-24,799,916,5.52E+07,1.15E+08,1.40E+09,948621,9315475,1.72
2020-02-25,799,916,5.53E+07,1.15E+08,1.42E+09,1565588,8952278,2.83
2020-02-26,799,916,5.53E+07,1.15E+08,1.40E+09,810938,8060327,1.47
2020-02-27,799,916,5.53E+07,1.15E+08,1.38E+09,562775,7241174,1.02
2020-02-28,799,916,5.53E+07,1.15E+08,1.34E+09,671552,9927960,1.22
2020-03-02,799,916,5.51E+07,1.15E+08,1.35E+09,528103,7811003,0.96
2020-03-03,799,916,5.51E+07,1.15E+08,1.36E+09,615693,8687847,1.12
2020-03-04,799,916,5.51E+07,1.15E+08,1.39E+09,606287,7829193,1.1
2020-03-05,799,916,5.51E+07,1.15E+08,1.40E+09,675205,7954349,1.23
2020-03-06,799,916,5.51E+07,1.15E+08,1.37E+09,865588,7233538,1.57
2020-03-09,799,916,5.51E+07,1.15E+08,1.32E+09,666868,8796944,1.21
2020-03-10,799,916,5.51E+07,1.15E+08,1.32E+09,638564,9133693,1.16
2020-03-11,799,916,5.51E+07,1.15E+08,1.28E+09,679716,8598097,1.23
2020-03-12,799,916,5.51E+07,1.15E+08,1.24E+09,850345,1.13E+07,1.54
2020-03-13,799,916,5.51E+07,1.15E+08,1.19E+09,1035278,1.34E+07,1.88
2020-03-16,799,916,5.51E+07,1.15E+08,1.16E+09,682004,8593833,1.24
2020-03-17,799,916,5.51E+07,1.15E+08,1.13E+09,649779,9709077,1.18
2020-03-18,799,916,5.51E+07,1.15E+08,1.07E+09,728008,9576387,1.32
2020-03-19,799,916,5.51E+07,1.15E+08,9.82E+08,977675,1.19E+07,1.77
2020-03-20,799,916,5.51E+07,1.15E+08,1.05E+09,817021,1.06E+07,1.48
2020-03-23,799,916,5.51E+07,1.15E+08,9.98E+08,647528,9645272,1.18
2020-03-24,798,915,5.47E+07,1.15E+08,1.08E+09,679288,1.05E+07,1.24
2020-03-25,798,915,5.47E+07,1.15E+08,1.15E+09,872809,1.26E+07,1.6
2020-03-26,798,915,5.47E+07,1.15E+08,1.14E+09,992474,1.24E+07,1.81
2020-03-27,798,915,5.47E+07,1.15E+08,1.16E+09,1077527,1.29E+07,1.97
2020-03-30,798,915,5.47E+07,1.15E+08,1.16E+09,767777,9081050,1.4
2020-03-31,798,915,5.48E+07,1.15E+08,1.18E+09,1037488,1.39E+07,1.89
2020-04-01,798,915,5.48E+07,1.15E+08,1.13E+09,1243591,1.21E+07,2.27
2020-04-02,798,915,5.48E+07,1.15E+08,1.16E+09,766313,1.02E+07,1.4
2020-04-03,798,915,5.48E+07,1.15E+08,1.16E+09,1000087,1.02E+07,1.83
2020-04-06,798,915,5.48E+07,1.15E+08,1.21E+09,1219389,1.10E+07,2.23
2020-04-07,798,915,5.48E+07,1.15E+08,1.23E+09,951739,1.16E+07,1.74
2020-04-08,798,914,5.48E+07,1.15E+08,1.22E+09,907494,1.11E+07,1.66
2020-04-09,798,914,5.48E+07,1.15E+08,1.24E+09,920571,1.05E+07,1.68
2020-04-10,798,914,5.48E+07,1.15E+08,1.25E+09,992548,1.20E+07,1.81
2020-04-13,798,914,5.48E+07,1.15E+08,1.23E+09,1017752,9516704,1.86
2020-04-14,798,914,5.49E+07,1.15E+08,1.25E+09,886766,9995854,1.62
2020-04-16,797,913,5.49E+07,1.15E+08,1.25E+09,878338,1.07E+07,1.6
2020-04-17,797,913,5.49E+07,1.15E+08,1.29E+09,1667460,1.41E+07,3.04
2020-04-20,797,913,5.49E+07,1.15E+08,1.28E+09,1087463,1.19E+07,1.98
2020-04-21,797,913,5.49E+07,1.15E+08,1.26E+09,1174294,1.39E+07,2.14
2020-04-22,797,913,5.49E+07,1.15E+08,1.27E+09,820360,9428673,1.49
2020-04-23,797,913,5.49E+07,1.15E+08,1.29E+09,683720,9124272,1.25
2020-04-24,797,913,5.49E+07,1.15E+08,1.27E+09,933917,9647344,1.7
2020-04-27,796,912,5.49E+07,1.15E+08,1.29E+09,735663,8171669,1.34
2020-04-28,796,912,5.49E+07,1.15E+08,1.30E+09,1173476,1.04E+07,2.14
2020-04-29,796,912,5.49E+07,1.15E+08,1.31E+09,1984182,1.05E+07,3.61
2020-05-04,795,911,5.49E+07,1.15E+08,1.27E+09,1146855,1.03E+07,2.09
2020-05-06,795,911,5.49E+07,1.15E+08,1.30E+09,1082527,8550701,1.97
2020-05-07,795,911,5.48E+07,1.15E+08,1.30E+09,775658,7383335,1.41
2020-05-08,795,911,5.48E+07,1.15E+08,1.31E+09,784773,7941568,1.43
2020-05-11,795,911,5.49E+07,1.15E+08,1.30E+09,591283,7752761,1.08
2020-05-12,795,911,5.49E+07,1.15E+08,1.29E+09,799930,9681897,1.46
2020-05-13,795,911,5.49E+07,1.15E+08,1.30E+09,618784,9012308,1.13
2020-05-14,795,911,5.49E+07,1.15E+08,1.29E+09,760646,9469021,1.39
2020-05-15,795,911,5.49E+07,1.15E+08,1.29E+09,866357,9723313,1.58
2020-05-18,795,911,5.49E+07,1.15E+08,1.30E+09,761696,9394307,1.39
2020-05-19,795,911,5.49E+07,1.15E+08,1.33E+09,773415,1.19E+07,1.41
2020-05-20,795,911,5.49E+07,1.15E+08,1.34E+09,699447,8248632,1.27
2020-05-21,796,913,5.50E+07,1.15E+08,1.34E+09,601199,8636998,1.09
2020-05-22,796,913,5.49E+07,1.15E+08,1.32E+09,847467,9509772,1.54
2020-05-25,796,913,5.49E+07,1.15E+08,1.34E+09,641459,7960325,1.17
2020-05-26,796,913,5.50E+07,1.15E+08,1.36E+09,1017804,1.25E+07,1.85
2020-05-27,796,913,5.50E+07,1.15E+08,1.36E+09,1178848,1.26E+07,2.14
2020-05-28,796,913,5.50E+07,1.15E+08,1.36E+09,1172134,1.45E+07,2.13
2020-05-29,796,913,5.50E+07,1.15E+08,1.36E+09,1086215,1.41E+07,1.97
2020-06-01,795,912,5.50E+07,1.15E+08,1.39E+09,997348,9839657,1.81
2020-06-02,795,912,5.50E+07,1.15E+08,1.40E+09,1000332,1.02E+07,1.82
2020-06-03,795,912,5.50E+07,1.15E+08,1.44E+09,1152001,1.70E+07,2.1
2020-06-04,795,912,5.50E+07,1.15E+08,1.45E+09,1393308,1.60E+07,2.53
2020-06-05,795,912,5.50E+07,1.15E+08,1.47E+09,854591,1.28E+07,1.55
2020-06-08,795,912,5.50E+07,1.15E+08,1.47E+09,854035,1.31E+07,1.55
2020-06-09,795,912,5.50E+07,1.15E+08,1.47E+09,817085,1.47E+07,1.49
2020-06-10,795,912,5.50E+07,1.15E+08,1.48E+09,706294,1.29E+07,1.28
2020-06-11,795,912,5.50E+07,1.15E+08,1.46E+09,827381,1.70E+07,1.5
2020-06-12,795,912,5.50E+07,1.15E+08,1.43E+09,689897,1.50E+07,1.25
2020-06-15,795,912,5.50E+07,1.15E+08,1.37E+09,1072278,1.82E+07,1.95
2020-06-16,795,912,5.50E+07,1.15E+08,1.44E+09,973639,1.38E+07,1.77
2020-06-17,795,912,5.51E+07,1.15E+08,1.44E+09,927516,1.55E+07,1.68
2020-06-18,795,912,5.51E+07,1.15E+08,1.44E+09,767184,1.11E+07,1.39
2020-06-19,795,912,5.51E+07,1.15E+08,1.44E+09,1079453,1.23E+07,1.96
2020-06-22,795,912,5.51E+07,1.15E+08,1.43E+09,789372,1.01E+07,1.43
2020-06-23,794,911,5.51E+07,1.15E+08,1.43E+09,917567,1.35E+07,1.67
2020-06-24,794,911,5.51E+07,1.15E+08,1.45E+09,913896,1.33E+07,1.66
2020-06-25,794,911,5.51E+07,1.15E+08,1.42E+09,1017721,1.07E+07,1.85
2020-06-26,794,911,5.51E+07,1.15E+08,1.44E+09,761044,9821160,1.38
2020-06-29,794,911,5.51E+07,1.15E+08,1.41E+09,643156,9025868,1.17
2020-06-30,793,910,5.51E+07,1.15E+08,1.42E+09,708605,1.17E+07,1.29
2020-07-01,791,908,5.50E+07,1.15E+08,1.42E+09,1116221,1.02E+07,2.03
2020-07-02,792,909,5.43E+07,1.15E+08,1.45E+09,1091965,1.07E+07,2.01
2020-07-03,792,909,5.43E+07,1.15E+08,1.46E+09,770055,8649544,1.42
2020-07-06,792,909,5.43E+07,1.15E+08,1.48E+09,666902,1.17E+07,1.23
2020-07-07,792,909,5.43E+07,1.15E+08,1.47E+09,847434,1.49E+07,1.56
2020-07-08,792,909,5.43E+07,1.15E+08,1.46E+09,677810,1.16E+07,1.25
2020-07-09,792,909,5.43E+07,1.15E+08,1.47E+09,619368,1.20E+07,1.14
2020-07-10,792,909,5.44E+07,1.15E+08,1.46E+09,886987,1.20E+07,1.63
2020-07-13,791,908,5.43E+07,1.15E+08,1.48E+09,650231,1.05E+07,1.2
2020-07-14,791,908,5.43E+07,1.15E+08,1.48E+09,810952,1.16E+07,1.49
2020-07-15,791,908,5.44E+07,1.15E+08,1.49E+09,830266,1.36E+07,1.53
2020-07-16,792,909,5.44E+07,1.15E+08,1.48E+09,784637,1.13E+07,1.44
2020-07-17,792,909,5.44E+07,1.15E+08,1.49E+09,569297,1.02E+07,1.05
2020-07-20,792,909,5.44E+07,1.15E+08,1.49E+09,686819,1.20E+07,1.26
2020-07-21,791,908,5.46E+07,1.15E+08,1.51E+09,918483,1.58E+07,1.68
2020-07-22,791,908,5.46E+07,1.15E+08,1.51E+09,856218,1.57E+07,1.57
2020-07-23,791,908,5.46E+07,1.15E+08,1.50E+09,934542,1.63E+07,1.71
2020-07-24,791,908,5.46E+07,1.15E+08,1.49E+09,1001025,1.72E+07,1.83
2020-07-27,791,908,5.46E+07,1.15E+08,1.50E+09,928625,1.43E+07,1.7
2020-07-28,791,908,5.46E+07,1.15E+08,1.53E+09,866726,1.75E+07,1.59
2020-07-29,791,908,5.47E+07,1.16E+08,1.54E+09,899494,1.55E+07,1.64
2020-07-30,791,908,5.47E+07,1.16E+08,1.54E+09,713039,1.36E+07,1.3
2020-07-31,791,908,5.47E+07,1.16E+08,1.53E+09,739689,1.30E+07,1.35
2020-08-03,791,908,5.47E+07,1.16E+08,1.53E+09,648462,1.36E+07,1.18
2020-08-04,791,908,5.47E+07,1.16E+08,1.55E+09,722906,1.53E+07,1.32
2020-08-05,793,910,5.48E+07,1.16E+08,1.57E+09,841299,1.79E+07,1.54
2020-08-06,793,910,5.48E+07,1.16E+08,1.59E+09,797147,1.78E+07,1.46
2020-08-07,794,911,5.50E+07,1.16E+08,1.60E+09,812595,1.76E+07,1.48
2020-08-10,794,911,5.50E+07,1.16E+08,1.62E+09,784617,1.95E+07,1.43
2020-08-11,794,911,5.50E+07,1.16E+08,1.64E+09,843438,1.97E+07,1.53
2020-08-12,794,911,5.50E+07,1.16E+08,1.65E+09,763735,1.67E+07,1.39
2020-08-13,794,911,5.51E+07,1.16E+08,1.66E+09,907219,1.83E+07,1.65
2020-08-14,794,911,5.51E+07,1.16E+08,1.64E+09,968125,1.66E+07,1.76
2020-08-18,794,911,5.51E+07,1.16E+08,1.60E+09,909750,1.76E+07,1.65
2020-08-19,794,911,5.51E+07,1.16E+08,1.60E+09,637965,1.24E+07,1.16
2020-08-20,794,911,5.52E+07,1.16E+08,1.55E+09,903744,1.71E+07,1.64
2020-08-21,794,911,5.51E+07,1.16E+08,1.57E+09,865736,1.41E+07,1.57
2020-08-24,794,911,5.51E+07,1.16E+08,1.58E+09,649277,1.17E+07,1.18
2020-08-25,794,911,5.51E+07,1.16E+08,1.61E+09,771585,1.36E+07,1.4
2020-08-26,794,911,5.51E+07,1.16E+08,1.61E+09,956478,1.44E+07,1.74
2020-08-27,794,911,5.51E+07,1.16E+08,1.59E+09,913917,1.52E+07,1.66
2020-08-28,794,911,5.52E+07,1.16E+08,1.60E+09,1297312,1.55E+07,2.35
2020-08-31,795,912,5.53E+07,1.17E+08,1.58E+09,1647818,1.95E+07,2.98
2020-09-01,795,912,5.53E+07,1.17E+08,1.60E+09,1085245,1.67E+07,1.96
2020-09-02,795,912,5.53E+07,1.17E+08,1.61E+09,1429273,1.58E+07,2.59
2020-09-03,795,912,5.53E+07,1.17E+08,1.63E+09,981546,1.74E+07,1.77
2020-09-04,795,912,5.53E+07,1.17E+08,1.61E+09,1351039,1.97E+07,2.44
2020-09-07,795,912,5.53E+07,1.17E+08,1.62E+09,1197385,1.72E+07,2.16
2020-09-08,795,912,5.53E+07,1.17E+08,1.63E+09,979357,1.73E+07,1.77
2020-09-09,795,912,5.53E+07,1.17E+08,1.62E+09,946247,1.55E+07,1.71
2020-09-10,795,912,5.53E+07,1.17E+08,1.63E+09,1064574,1.58E+07,1.92
2020-09-11,795,912,5.53E+07,1.17E+08,1.63E+09,882880,1.21E+07,1.6
2020-09-14,795,912,5.53E+07,1.17E+08,1.65E+09,963083,1.20E+07,1.74
2020-09-15,795,912,5.53E+07,1.17E+08,1.66E+09,849969,1.18E+07,1.54
2020-09-16,795,912,5.53E+07,1.17E+08,1.66E+09,772938,1.19E+07,1.4
2020-09-17,795,912,5.53E+07,1.17E+08,1.64E+09,853740,1.42E+07,1.54
2020-09-18,795,912,5.53E+07,1.17E+08,1.64E+09,756517,1.40E+07,1.37
2020-09-21,795,912,5.53E+07,1.17E+08,1.63E+09,1041993,1.42E+07,1.88
2020-09-22,796,914,5.53E+07,1.17E+08,1.59E+09,1051028,1.79E+07,1.9
2020-09-23,796,914,5.53E+07,1.17E+08,1.59E+09,735042,1.36E+07,1.33
2020-09-24,796,914,5.53E+07,1.17E+08,1.55E+09,714881,1.25E+07,1.29
2020-09-25,796,914,5.53E+07,1.17E+08,1.55E+09,697962,1.02E+07,1.26
2020-09-28,796,914,5.54E+07,1.17E+08,1.57E+09,605977,8971172,1.09
2020-09-29,796,914,5.52E+07,1.17E+08,1.58E+09,646218,9487147,1.17
2020-10-05,796,914,5.52E+07,1.17E+08,1.60E+09,763618,1.07E+07,1.38
2020-10-06,796,914,5.52E+07,1.17E+08,1.61E+09,861755,1.11E+07,1.56
2020-10-07,796,914,5.53E+07,1.17E+08,1.62E+09,737994,8971101,1.34
2020-10-08,796,914,5.53E+07,1.17E+08,1.63E+09,961726,1.25E+07,1.74
2020-10-12,796,914,5.56E+07,1.17E+08,1.64E+09,843574,1.07E+07,1.52
2020-10-13,796,914,5.55E+07,1.17E+08,1.64E+09,724920,1.02E+07,1.31
2020-10-14,796,914,5.55E+07,1.17E+08,1.62E+09,901177,1.10E+07,1.62
2020-10-15,797,915,5.56E+07,1.17E+08,1.62E+09,1165501,1.30E+07,2.1
2020-10-16,797,915,5.56E+07,1.17E+08,1.60E+09,920205,1.11E+07,1.65
2020-10-19,797,915,5.56E+07,1.17E+08,1.61E+09,931645,1.05E+07,1.67
2020-10-20,797,915,5.57E+07,1.17E+08,1.62E+09,874293,1.18E+07,1.57
2020-10-21,797,915,5.57E+07,1.17E+08,1.62E+09,812837,9864098,1.46
2020-10-22,797,915,5.56E+07,1.17E+08,1.61E+09,815612,9774989,1.47
2020-10-23,797,915,5.56E+07,1.17E+08,1.62E+09,890385,1.07E+07,1.6
2020-10-26,797,915,5.56E+07,1.17E+08,1.61E+09,822268,1.17E+07,1.48
2020-10-27,797,915,5.56E+07,1.17E+08,1.60E+09,666942,1.13E+07,1.2
2020-10-28,797,915,5.56E+07,1.17E+08,1.61E+09,705770,8941028,1.27
2020-10-29,797,915,5.56E+07,1.17E+08,1.59E+09,509768,1.04E+07,0.92
2020-10-30,797,915,5.56E+07,1.17E+08,1.55E+09,795585,1.18E+07,1.43
2020-11-02,797,915,5.56E+07,1.17E+08,1.58E+09,678501,8514452,1.22
2020-11-03,797,915,5.56E+07,1.17E+08,1.61E+09,887445,1.09E+07,1.6
2020-11-04,797,915,5.56E+07,1.17E+08,1.61E+09,986786,1.48E+07,1.77
2020-11-05,797,915,5.56E+07,1.17E+08,1.65E+09,702037,1.26E+07,1.26
2020-11-06,797,915,5.56E+07,1.17E+08,1.66E+09,825569,1.26E+07,1.48
2020-11-09,797,915,5.56E+07,1.17E+08,1.68E+09,1354863,1.48E+07,2.44
2020-11-10,797,915,5.56E+07,1.17E+08,1.68E+09,1464168,1.80E+07,2.63
2020-11-11,797,915,5.56E+07,1.17E+08,1.70E+09,1272039,1.83E+07,2.29
2020-11-12,798,916,5.56E+07,1.17E+08,1.70E+09,1278692,1.64E+07,2.3
2020-11-13,798,916,5.57E+07,1.17E+08,1.71E+09,1072383,1.70E+07,1.93
2020-11-16,798,916,5.57E+07,1.17E+08,1.74E+09,1239135,1.91E+07,2.23
2020-11-17,798,916,5.59E+07,1.17E+08,1.74E+09,1267495,1.78E+07,2.27
2020-11-18,798,916,5.59E+07,1.17E+08,1.75E+09,923504,1.36E+07,1.65
2020-11-19,798,916,5.59E+07,1.17E+08,1.75E+09,976483,1.25E+07,1.75
2020-11-20,799,917,5.59E+07,1.17E+08,1.75E+09,1129501,1.23E+07,2.02
2020-11-23,799,917,5.59E+07,1.17E+08,1.79E+09,1649443,1.58E+07,2.95
2020-11-24,799,917,5.59E+07,1.17E+08,1.80E+09,1364506,1.69E+07,2.44
2020-11-25,799,917,5.59E+07,1.17E+08,1.79E+09,1410105,2.18E+07,2.52
2020-11-26,799,917,5.60E+07,1.17E+08,1.80E+09,1387435,1.27E+07,2.48
2020-11-27,799,917,5.60E+07,1.17E+08,1.81E+09,1196042,1.26E+07,2.13
2020-11-30,799,917,5.60E+07,1.17E+08,1.78E+09,1311831,2.12E+07,2.34
2020-12-01,799,917,5.60E+07,1.17E+08,1.81E+09,1151129,1.59E+07,2.05
2020-12-02,799,917,5.60E+07,1.17E+08,1.84E+09,1076204,1.75E+07,1.92
2020-12-03,799,916,5.61E+07,1.17E+08,1.85E+09,817066,1.56E+07,1.46
2020-12-04,799,916,5.61E+07,1.17E+08,1.88E+09,1778897,1.99E+07,3.17
2020-12-07,800,917,5.62E+07,1.17E+08,1.89E+09,1499265,1.79E+07,2.67
2020-12-08,800,917,5.62E+07,1.17E+08,1.86E+09,1415240,1.72E+07,2.52
2020-12-09,800,917,5.62E+07,1.17E+08,1.89E+09,1252305,1.70E+07,2.23
2020-12-10,800,917,5.62E+07,1.17E+08,1.89E+09,1227651,2.06E+07,2.18
2020-12-11,800,917,5.62E+07,1.17E+08,1.91E+09,1215239,1.83E+07,2.16
2020-12-14,800,917,5.63E+07,1.17E+08,1.90E+09,1113631,1.70E+07,1.98
2020-12-15,800,917,5.63E+07,1.17E+08,1.90E+09,1093523,1.55E+07,1.94
2020-12-16,800,917,5.63E+07,1.17E+08,1.91E+09,1166638,1.36E+07,2.07
2020-12-17,800,917,5.63E+07,1.17E+08,1.91E+09,1015484,1.63E+07,1.81
2020-12-18,799,916,5.62E+07,1.17E+08,1.91E+09,1059144,1.92E+07,1.88
2020-12-21,799,916,5.62E+07,1.17E+08,1.91E+09,1139514,1.90E+07,2.03
2020-12-22,799,916,5.63E+07,1.17E+08,1.88E+09,1260762,1.99E+07,2.24
2020-12-23,800,917,5.64E+07,1.17E+08,1.90E+09,1121347,2.03E+07,1.99
2020-12-24,800,917,5.65E+07,1.17E+08,1.94E+09,1030890,2.00E+07,1.82
2020-12-28,800,917,5.66E+07,1.17E+08,1.94E+09,1006250,2.42E+07,1.78
2020-12-29,800,917,5.66E+07,1.17E+08,1.94E+09,1046839,1.93E+07,1.85
2020-12-30,800,917,5.66E+07,1.17E+08,1.98E+09,1074033,1.79E+07,1.9
2021-01-04,800,917,5.67E+07,1.18E+08,2.03E+09,1026510,2.50E+07,1.81
2021-01-05,800,917,5.67E+07,1.18E+08,2.06E+09,1519912,2.65E+07,2.68
2021-01-06,800,917,5.67E+07,1.18E+08,2.04E+09,1793419,2.99E+07,3.16
2021-01-07,800,917,5.67E+07,1.18E+08,2.09E+09,1524655,2.72E+07,2.69
2021-01-08,800,917,5.67E+07,1.18E+08,2.17E+09,1297903,4.09E+07,2.29
2021-01-11,800,917,5.67E+07,1.18E+08,2.17E+09,1712526,4.44E+07,3.02
2021-01-12,800,917,5.67E+07,1.18E+08,2.16E+09,1390618,3.14E+07,2.45
2021-01-13,800,917,5.67E+07,1.18E+08,2.17E+09,1578042,2.47E+07,2.78
2021-01-14,800,917,5.67E+07,1.18E+08,2.17E+09,1233183,2.41E+07,2.17
2021-01-15,800,917,5.66E+07,1.17E+08,2.13E+09,1331079,2.32E+07,2.35
2021-01-18,800,917,5.66E+07,1.17E+08,2.08E+09,1472049,2.32E+07,2.6
2021-01-19,800,917,5.66E+07,1.17E+08,2.13E+09,1353312,2.42E+07,2.39
2021-01-20,800,917,5.66E+07,1.17E+08,2.15E+09,1192695,2.46E+07,2.11
2021-01-21,800,917,5.66E+07,1.17E+08,2.18E+09,1360065,2.53E+07,2.4
2021-01-22,800,917,5.66E+07,1.17E+08,2.17E+09,1111223,2.43E+07,1.96
2021-01-25,801,919,5.67E+07,1.17E+08,2.21E+09,1093653,2.12E+07,1.93
2021-01-26,801,919,5.67E+07,1.17E+08,2.17E+09,873024,2.19E+07,1.54
2021-01-27,801,919,5.67E+07,1.17E+08,2.15E+09,924582,2.01E+07,1.63
2021-01-28,801,919,5.67E+07,1.17E+08,2.12E+09,1310455,2.30E+07,2.31
2021-01-29,801,919,5.67E+07,1.17E+08,2.05E+09,995071,2.44E+07,1.76
2021-02-01,801,919,5.67E+07,1.17E+08,2.10E+09,969262,2.07E+07,1.71
2021-02-02,802,920,5.67E+07,1.17E+08,2.13E+09,887314,1.91E+07,1.56
2021-02-03,802,920,5.67E+07,1.17E+08,2.16E+09,901789,2.24E+07,1.59
2021-02-04,802,920,5.67E+07,1.17E+08,2.13E+09,1460946,2.06E+07,2.57
2021-02-05,803,921,5.68E+07,1.17E+08,2.15E+09,1193487,1.98E+07,2.1
2021-02-08,803,921,5.68E+07,1.17E+08,2.13E+09,1277207,1.93E+07,2.25
2021-02-09,803,921,5.68E+07,1.17E+08,2.13E+09,2145388,1.84E+07,3.78
2021-02-10,803,921,5.68E+07,1.17E+08,2.14E+09,2152917,1.83E+07,3.79
2021-02-15,803,921,5.68E+07,1.17E+08,2.17E+09,1604653,1.69E+07,2.82
2021-02-16,803,921,5.68E+07,1.17E+08,2.18E+09,1944396,1.72E+07,3.42
2021-02-17,803,921,5.68E+07,1.17E+08,2.16E+09,1784127,1.68E+07,3.14
2021-02-18,803,921,5.68E+07,1.17E+08,2.13E+09,1860567,1.81E+07,3.27
2021-02-19,803,921,5.68E+07,1.17E+08,2.15E+09,3455505,1.97E+07,6.08
2021-02-22,803,921,5.69E+07,1.17E+08,2.13E+09,1831956,1.82E+07,3.22
2021-02-23,803,921,5.69E+07,1.17E+08,2.12E+09,2357759,1.77E+07,4.15
2021-02-24,803,921,5.69E+07,1.17E+08,2.07E+09,1560931,2.15E+07,2.75
2021-02-25,803,921,5.69E+07,1.17E+08,2.14E+09,1280086,1.72E+07,2.25
2021-02-26,803,921,5.69E+07,1.17E+08,2.08E+09,1361310,2.15E+07,2.39
2021-03-02,803,921,5.69E+07,1.17E+08,2.10E+09,1749871,1.89E+07,3.08
2021-03-03,803,921,5.69E+07,1.17E+08,2.13E+09,2236688,1.47E+07,3.93
2021-03-04,803,921,5.69E+07,1.17E+08,2.10E+09,1278952,1.71E+07,2.25
2021-03-05,803,921,5.69E+07,1.17E+08,2.09E+09,1187226,1.68E+07,2.08
2021-03-08,803,921,5.69E+07,1.17E+08,2.07E+09,1928302,1.58E+07,3.39
2021-03-09,803,921,5.69E+07,1.17E+08,2.06E+09,1534218,1.84E+07,2.69
2021-03-10,803,921,5.69E+07,1.17E+08,2.04E+09,905647,1.36E+07,1.59
2021-03-11,803,921,5.69E+07,1.17E+08,2.08E+09,1349204,1.60E+07,2.37
2021-03-12,803,921,5.69E+07,1.17E+08,2.11E+09,1669085,1.31E+07,2.93
2021-03-15,804,922,5.70E+07,1.17E+08,2.10E+09,1161784,1.26E+07,2.04
2021-03-16,804,922,5.70E+07,1.17E+08,2.12E+09,1123922,1.29E+07,1.97
2021-03-17,804,922,5.70E+07,1.17E+08,2.10E+09,814991,1.39E+07,1.43
2021-03-18,805,923,5.71E+07,1.17E+08,2.13E+09,1232596,1.51E+07,2.16
2021-03-19,805,923,5.72E+07,1.17E+08,2.11E+09,1068468,1.63E+07,1.87
2021-03-22,805,923,5.72E+07,1.17E+08,2.11E+09,915739,1.33E+07,1.6
2021-03-23,805,923,5.72E+07,1.17E+08,2.09E+09,1331210,1.62E+07,2.33
2021-03-24,805,923,5.73E+07,1.18E+08,2.09E+09,978431,1.34E+07,1.71
2021-03-25,805,923,5.73E+07,1.18E+08,2.10E+09,940354,1.34E+07,1.64
2021-03-26,805,923,5.74E+07,1.18E+08,2.12E+09,1036383,1.58E+07,1.8
2021-03-29,805,923,5.74E+07,1.18E+08,2.12E+09,1288846,1.67E+07,2.24
2021-03-30,805,923,5.74E+07,1.18E+08,2.14E+09,1023075,1.41E+07,1.78
2021-03-31,805,923,5.74E+07,1.18E+08,2.13E+09,1146989,1.45E+07,2
2021-04-01,805,923,5.75E+07,1.18E+08,2.15E+09,922680,1.40E+07,1.61
2021-04-02,805,923,5.75E+07,1.18E+08,2.17E+09,792705,1.34E+07,1.38
2021-04-05,805,923,5.75E+07,1.18E+08,2.18E+09,1084792,1.30E+07,1.89
2021-04-06,805,923,5.75E+07,1.18E+08,2.18E+09,1279017,1.37E+07,2.22
2021-04-07,805,923,5.75E+07,1.18E+08,2.19E+09,1984774,1.45E+07,3.45
2021-04-08,805,923,5.75E+07,1.18E+08,2.19E+09,1357293,1.71E+07,2.36
2021-04-09,805,923,5.75E+07,1.18E+08,2.18E+09,1823162,1.51E+07,3.17
2021-04-12,805,923,5.75E+07,1.18E+08,2.19E+09,1048783,1.33E+07,1.82
2021-04-13,805,923,5.76E+07,1.18E+08,2.21E+09,1741348,1.64E+07,3.02
2021-04-14,805,923,5.77E+07,1.19E+08,2.22E+09,1776265,1.56E+07,3.08
2021-04-15,805,923,5.81E+07,1.19E+08,2.23E+09,1312992,1.77E+07,2.26
2021-04-16,804,922,5.81E+07,1.19E+08,2.23E+09,985278,1.55E+07,1.7
2021-04-19,804,922,5.80E+07,1.19E+08,2.23E+09,1060619,1.54E+07,1.83
2021-04-20,804,922,5.80E+07,1.19E+08,2.25E+09,1296160,1.45E+07,2.23
2021-04-21,804,922,5.81E+07,1.19E+08,2.21E+09,1767091,1.69E+07,3.04
2021-04-22,804,922,5.81E+07,1.19E+08,2.22E+09,1752692,1.49E+07,3.02
2021-04-23,804,922,5.81E+07,1.19E+08,2.22E+09,2253793,1.57E+07,3.88
2021-04-26,804,922,5.81E+07,1.19E+08,2.24E+09,1298330,1.58E+07,2.24
2021-04-27,804,922,5.81E+07,1.19E+08,2.24E+09,1534230,1.72E+07,2.64
2021-04-28,804,922,5.81E+07,1.19E+08,2.22E+09,1412621,1.84E+07,2.43
2021-04-29,804,922,5.81E+07,1.19E+08,2.21E+09,1222430,1.91E+07,2.1
2021-04-30,804,922,5.81E+07,1.19E+08,2.20E+09,1359455,1.92E+07,2.34
2021-05-03,804,922,5.81E+07,1.19E+08,2.18E+09,1041199,1.70E+07,1.79
2021-05-04,804,922,5.81E+07,1.19E+08,2.20E+09,1283830,1.60E+07,2.21
2021-05-06,804,922,5.81E+07,1.19E+08,2.22E+09,1239403,1.66E+07,2.13
2021-05-07,804,922,5.81E+07,1.19E+08,2.23E+09,989680,1.52E+07,1.7
2021-05-10,804,922,5.81E+07,1.19E+08,2.27E+09,1011267,1.72E+07,1.74
2021-05-11,805,923,5.82E+07,1.19E+08,2.25E+09,1096718,2.19E+07,1.88
2021-05-12,805,923,5.82E+07,1.19E+08,2.22E+09,1424059,2.25E+07,2.45
2021-05-13,805,923,5.82E+07,1.19E+08,2.19E+09,1095948,2.11E+07,1.88
2021-05-14,805,923,5.82E+07,1.19E+08,2.21E+09,836404,1.45E+07,1.44
2021-05-17,805,923,5.82E+07,1.19E+08,2.20E+09,771306,1.46E+07,1.32
2021-05-18,805,923,5.82E+07,1.19E+08,2.22E+09,786143,1.39E+07,1.35
2021-05-20,805,923,5.82E+07,1.19E+08,2.22E+09,774252,1.37E+07,1.33
2021-05-21,807,925,5.83E+07,1.19E+08,2.21E+09,797262,1.48E+07,1.37
2021-05-24,807,925,5.83E+07,1.19E+08,2.20E+09,587968,1.16E+07,1.01
2021-05-25,807,925,5.83E+07,1.19E+08,2.22E+09,612977,1.17E+07,1.05
2021-05-26,807,925,5.84E+07,1.19E+08,2.22E+09,1269999,1.32E+07,2.18
2021-05-27,808,927,5.84E+07,1.19E+08,2.21E+09,1082006,2.07E+07,1.85
2021-05-28,808,927,5.84E+07,1.19E+08,2.23E+09,966368,1.35E+07,1.65
2021-05-31,808,927,5.84E+07,1.19E+08,2.24E+09,1123525,1.40E+07,1.92
2021-06-01,808,927,5.84E+07,1.19E+08,2.25E+09,1472571,1.53E+07,2.52
2021-06-02,808,927,5.84E+07,1.19E+08,2.25E+09,1495671,1.77E+07,2.56
2021-06-03,808,927,5.84E+07,1.19E+08,2.27E+09,1584799,1.69E+07,2.71
2021-06-04,808,927,5.84E+07,1.19E+08,2.27E+09,1392320,1.61E+07,2.38
2021-06-07,808,927,5.84E+07,1.19E+08,2.27E+09,1733348,1.90E+07,2.97
2021-06-08,808,927,5.84E+07,1.19E+08,2.27E+09,1951319,1.94E+07,3.34
2021-06-09,808,927,5.84E+07,1.19E+08,2.25E+09,1964923,1.72E+07,3.36
2021-06-10,808,927,5.84E+07,1.19E+08,2.26E+09,1896766,1.92E+07,3.25
2021-06-11,808,927,5.84E+07,1.19E+08,2.27E+09,1645509,1.80E+07,2.82
2021-06-14,808,927,5.84E+07,1.19E+08,2.27E+09,1664527,1.53E+07,2.85
2021-06-15,808,927,5.84E+07,1.19E+08,2.28E+09,1734497,1.48E+07,2.97
2021-06-16,808,927,5.85E+07,1.19E+08,2.29E+09,2345811,1.63E+07,4.01
2021-06-17,808,927,5.85E+07,1.19E+08,2.28E+09,1848671,1.47E+07,3.16
2021-06-18,808,927,5.85E+07,1.19E+08,2.29E+09,1627658,1.75E+07,2.78
2021-06-21,808,927,5.85E+07,1.19E+08,2.27E+09,1508634,1.73E+07,2.58
2021-06-22,808,927,5.85E+07,1.19E+08,2.28E+09,1666697,1.55E+07,2.85
2021-06-23,808,927,5.86E+07,1.19E+08,2.29E+09,1069175,1.79E+07,1.83
2021-06-24,808,927,5.86E+07,1.19E+08,2.30E+09,1301271,2.14E+07,2.22
2021-06-25,808,927,5.86E+07,1.19E+08,2.31E+09,1198188,1.86E+07,2.05
2021-06-28,808,927,5.86E+07,1.19E+08,2.31E+09,1428764,1.38E+07,2.44
2021-06-29,808,927,5.86E+07,1.19E+08,2.30E+09,1213047,1.55E+07,2.07
2021-06-30,808,927,5.87E+07,1.19E+08,2.31E+09,1610376,1.56E+07,2.74
2021-07-01,808,927,5.87E+07,1.19E+08,2.30E+09,1159231,1.61E+07,1.98
2021-07-02,808,927,5.87E+07,1.19E+08,2.30E+09,1019998,1.54E+07,1.74
2021-07-05,808,927,5.87E+07,1.20E+08,2.31E+09,850406,1.45E+07,1.45
2021-07-06,809,928,5.87E+07,1.20E+08,2.31E+09,1029465,1.47E+07,1.75
2021-07-07,809,928,5.87E+07,1.20E+08,2.30E+09,1147641,1.45E+07,1.95
2021-07-08,809,928,5.86E+07,1.19E+08,2.28E+09,1516034,1.69E+07,2.59
2021-07-09,809,928,5.86E+07,1.19E+08,2.25E+09,1308365,1.65E+07,2.23
2021-07-12,809,928,5.88E+07,1.20E+08,2.27E+09,1135043,1.13E+07,1.93
2021-07-13,809,928,5.88E+07,1.20E+08,2.29E+09,1150101,1.35E+07,1.95
2021-07-14,809,928,5.88E+07,1.20E+08,2.29E+09,908954,1.30E+07,1.54
2021-07-15,809,928,5.88E+07,1.20E+08,2.30E+09,1172431,1.37E+07,1.99
2021-07-16,810,929,5.90E+07,1.20E+08,2.30E+09,1066507,1.48E+07,1.81
2021-07-19,810,929,5.90E+07,1.20E+08,2.28E+09,1095559,1.29E+07,1.86
2021-07-20,810,929,5.90E+07,1.20E+08,2.27E+09,979670,1.53E+07,1.66
2021-07-21,810,929,5.90E+07,1.20E+08,2.26E+09,990327,1.49E+07,1.68
2021-07-22,810,929,5.90E+07,1.20E+08,2.29E+09,712983,1.30E+07,1.21
2021-07-23,810,929,5.90E+07,1.20E+08,2.29E+09,805048,1.32E+07,1.36
2021-07-26,810,929,5.90E+07,1.20E+08,2.27E+09,826067,1.22E+07,1.4
2021-07-27,810,929,5.90E+07,1.20E+08,2.27E+09,991939,1.23E+07,1.68
2021-07-28,810,929,5.90E+07,1.20E+08,2.28E+09,868603,1.20E+07,1.47
2021-07-29,810,929,5.90E+07,1.20E+08,2.28E+09,694823,1.05E+07,1.18
2021-07-30,810,929,5.90E+07,1.20E+08,2.25E+09,687861,1.28E+07,1.17
2021-08-02,810,929,5.90E+07,1.20E+08,2.27E+09,561003,1.02E+07,0.95
2021-08-03,810,929,5.90E+07,1.20E+08,2.28E+09,653513,1.25E+07,1.11
2021-08-04,810,929,5.90E+07,1.20E+08,2.31E+09,632242,1.24E+07,1.07
2021-08-05,810,929,5.91E+07,1.20E+08,2.31E+09,680941,1.19E+07,1.15
2021-08-06,811,930,5.96E+07,1.22E+08,2.33E+09,941361,1.55E+07,1.58
2021-08-09,812,931,5.97E+07,1.22E+08,2.33E+09,707654,1.57E+07,1.19
2021-08-10,813,932,5.97E+07,1.20E+08,2.34E+09,730349,2.17E+07,1.22
2021-08-11,813,932,5.97E+07,1.20E+08,2.32E+09,618093,1.92E+07,1.03
2021-08-12,813,932,5.97E+07,1.20E+08,2.31E+09,643283,2.04E+07,1.08
2021-08-13,813,932,5.97E+07,1.20E+08,2.29E+09,696468,2.02E+07,1.17
2021-08-17,814,933,5.98E+07,1.20E+08,2.27E+09,690842,2.22E+07,1.16
2021-08-18,814,933,5.98E+07,1.20E+08,2.28E+09,622792,1.68E+07,1.04
2021-08-19,815,934,5.98E+07,1.20E+08,2.24E+09,655629,1.72E+07,1.1
2021-08-20,816,935,5.99E+07,1.20E+08,2.21E+09,672088,1.65E+07,1.12
2021-08-23,816,935,5.99E+07,1.20E+08,2.23E+09,570980,1.34E+07,0.95
2021-08-24,816,935,5.99E+07,1.20E+08,2.27E+09,586535,1.49E+07,0.98
2021-08-25,816,935,5.99E+07,1.20E+08,2.27E+09,624688,1.34E+07,1.04
2021-08-26,816,935,5.99E+07,1.20E+08,2.26E+09,727719,1.33E+07,1.21
2021-08-27,816,935,6.00E+07,1.20E+08,2.26E+09,520669,1.10E+07,0.87
2021-08-30,816,935,6.00E+07,1.20E+08,2.27E+09,602858,1.18E+07,1.01
2021-08-31,816,935,6.00E+07,1.20E+08,2.31E+09,661221,1.59E+07,1.1
2021-09-01,817,936,6.00E+07,1.20E+08,2.32E+09,746705,1.35E+07,1.24
2021-09-02,817,936,6.00E+07,1.20E+08,2.30E+09,757860,1.54E+07,1.26
2021-09-03,817,936,6.01E+07,1.20E+08,2.32E+09,641510,1.31E+07,1.07
2021-09-06,817,936,6.01E+07,1.20E+08,2.32E+09,726190,1.23E+07,1.21
2021-09-07,817,936,6.01E+07,1.20E+08,2.31E+09,760160,1.19E+07,1.26
2021-09-08,817,936,6.01E+07,1.20E+08,2.29E+09,859889,1.73E+07,1.43
2021-09-09,817,936,6.01E+07,1.20E+08,2.26E+09,927369,1.78E+07,1.54
2021-09-10,817,936,6.01E+07,1.20E+08,2.26E+09,723085,1.36E+07,1.2
2021-09-13,817,936,6.02E+07,1.20E+08,2.26E+09,732270,1.35E+07,1.22
2021-09-14,818,937,6.04E+07,1.20E+08,2.28E+09,713227,1.58E+07,1.18
2021-09-15,818,937,6.04E+07,1.20E+08,2.28E+09,616557,1.22E+07,1.02
2021-09-16,818,937,6.04E+07,1.20E+08,2.27E+09,612873,1.23E+07,1.02
2021-09-17,819,938,6.05E+07,1.21E+08,2.28E+09,589244,1.49E+07,0.97
2021-09-23,819,938,6.05E+07,1.21E+08,2.28E+09,623841,1.40E+07,1.03
2021-09-24,819,938,6.05E+07,1.21E+08,2.27E+09,753222,1.26E+07,1.25
2021-09-27,819,938,6.05E+07,1.21E+08,2.28E+09,883229,1.23E+07,1.46
2021-09-28,819,938,6.05E+07,1.21E+08,2.25E+09,894913,1.47E+07,1.48
2021-09-29,819,938,6.05E+07,1.21E+08,2.23E+09,821558,1.51E+07,1.36
2021-09-30,819,938,6.05E+07,1.21E+08,2.23E+09,885819,1.49E+07,1.47
2021-10-01,819,938,6.05E+07,1.21E+08,2.20E+09,855482,1.29E+07,1.42
2021-10-05,819,938,6.05E+07,1.21E+08,2.15E+09,840557,1.53E+07,1.39
2021-10-06,819,938,6.05E+07,1.21E+08,2.11E+09,901722,1.57E+07,1.49
2021-10-07,819,938,6.05E+07,1.21E+08,2.15E+09,595382,1.19E+07,0.98
2021-10-08,819,938,6.05E+07,1.21E+08,2.15E+09,668947,1.26E+07,1.11
2021-10-12,819,938,6.05E+07,1.21E+08,2.12E+09,660181,1.28E+07,1.09
2021-10-13,820,939,6.05E+07,1.21E+08,2.14E+09,752132,1.23E+07,1.24
2021-10-14,820,939,6.05E+07,1.21E+08,2.17E+09,617170,1.21E+07,1.02
2021-10-15,820,939,6.06E+07,1.21E+08,2.19E+09,857798,1.25E+07,1.41
2021-10-18,820,939,6.06E+07,1.21E+08,2.19E+09,926369,1.06E+07,1.53
2021-10-19,820,939,6.07E+07,1.21E+08,2.20E+09,845704,1.01E+07,1.39
2021-10-20,820,939,6.07E+07,1.21E+08,2.19E+09,680327,1.12E+07,1.12
2021-10-21,820,939,6.07E+07,1.21E+08,2.19E+09,887370,1.06E+07,1.46
2021-10-22,820,939,6.07E+07,1.21E+08,2.18E+09,695273,9047263,1.15
2021-10-25,820,939,6.07E+07,1.21E+08,2.19E+09,791796,1.05E+07,1.31
2021-10-26,820,939,6.07E+07,1.20E+08,2.22E+09,564560,9512682,0.93
2021-10-27,820,939,6.07E+07,1.21E+08,2.20E+09,607875,1.02E+07,1
2021-10-28,820,939,6.07E+07,1.21E+08,2.19E+09,617257,1.24E+07,1.02
2021-10-29,820,939,6.07E+07,1.21E+08,2.16E+09,545834,1.10E+07,0.9
2021-11-01,820,939,6.07E+07,1.21E+08,2.17E+09,475382,9410799,0.78
2021-11-02,820,939,6.07E+07,1.21E+08,2.19E+09,525853,9662968,0.87
2021-11-03,821,940,6.08E+07,1.21E+08,2.19E+09,658648,1.24E+07,1.08
2021-11-04,821,940,6.07E+07,1.21E+08,2.20E+09,772024,1.47E+07,1.27
2021-11-05,820,939,6.06E+07,1.20E+08,2.19E+09,688028,1.27E+07,1.14
2021-11-08,820,939,6.06E+07,1.20E+08,2.18E+09,560205,1.04E+07,0.92
2021-11-09,820,939,6.06E+07,1.20E+08,2.18E+09,708773,9684977,1.17
2021-11-10,820,939,6.06E+07,1.21E+08,2.16E+09,570932,9663221,0.94
2021-11-11,820,939,6.06E+07,1.21E+08,2.15E+09,572859,1.35E+07,0.95
2021-11-12,820,939,6.06E+07,1.21E+08,2.19E+09,665733,1.25E+07,1.1
2021-11-15,820,939,6.06E+07,1.21E+08,2.21E+09,639396,1.14E+07,1.05
2021-11-16,820,939,6.07E+07,1.21E+08,2.21E+09,579646,1.11E+07,0.95
2021-11-17,820,939,6.07E+07,1.21E+08,2.18E+09,541490,1.07E+07,0.89
2021-11-18,821,940,6.08E+07,1.21E+08,2.17E+09,541653,1.01E+07,0.89
2021-11-19,821,940,6.11E+07,1.21E+08,2.19E+09,657094,1.10E+07,1.08
2021-11-22,821,940,6.11E+07,1.21E+08,2.23E+09,530959,1.29E+07,0.87
2021-11-23,821,940,6.11E+07,1.21E+08,2.21E+09,524233,1.08E+07,0.86
2021-11-24,821,940,6.11E+07,1.21E+08,2.21E+09,556640,1.10E+07,0.91
2021-11-25,821,940,6.11E+07,1.21E+08,2.20E+09,595970,9401091,0.97
2021-11-26,821,940,6.13E+07,1.21E+08,2.17E+09,595598,1.19E+07,0.97
2021-11-29,822,941,6.15E+07,1.21E+08,2.15E+09,844400,1.31E+07,1.37
2021-11-30,822,941,6.15E+07,1.21E+08,2.10E+09,983556,1.99E+07,1.6
2021-12-01,822,941,6.15E+07,1.21E+08,2.14E+09,563927,1.25E+07,0.92
2021-12-02,822,941,6.15E+07,1.21E+08,2.18E+09,534462,1.19E+07,0.87
2021-12-03,823,942,6.16E+07,1.21E+08,2.19E+09,486749,1.03E+07,0.79
2021-12-06,823,942,6.16E+07,1.21E+08,2.20E+09,479908,9657402,0.78
2021-12-07,823,942,6.16E+07,1.21E+08,2.21E+09,541370,1.02E+07,0.88
2021-12-08,823,942,6.16E+07,1.21E+08,2.22E+09,488246,1.11E+07,0.79
2021-12-09,823,942,6.16E+07,1.21E+08,2.24E+09,513446,1.26E+07,0.83
2021-12-10,824,943,6.16E+07,1.21E+08,2.23E+09,451599,8434891,0.73
2021-12-13,824,943,6.16E+07,1.21E+08,2.22E+09,375828,8629449,0.61
2021-12-14,824,943,6.17E+07,1.21E+08,2.21E+09,581570,9856790,0.94
2021-12-15,824,943,6.17E+07,1.21E+08,2.21E+09,432874,8253059,0.7
2021-12-16,824,943,6.17E+07,1.21E+08,2.22E+09,402825,8524314,0.65
2021-12-17,824,943,6.17E+07,1.21E+08,2.23E+09,451824,1.17E+07,0.73
2021-12-20,824,943,6.17E+07,1.21E+08,2.19E+09,377585,8621306,0.61
2021-12-21,824,943,6.17E+07,1.21E+08,2.20E+09,410980,9108501,0.67
2021-12-22,824,943,6.17E+07,1.21E+08,2.21E+09,461755,8835650,0.75
2021-12-23,824,943,6.17E+07,1.21E+08,2.22E+09,483839,9319627,0.78
2021-12-24,824,943,6.18E+07,1.22E+08,2.23E+09,537548,8583473,0.87
2021-12-27,824,943,6.18E+07,1.22E+08,2.22E+09,475363,8280395,0.77
2021-12-28,824,943,6.20E+07,1.22E+08,2.24E+09,607046,1.21E+07,0.98
2021-12-29,824,943,6.20E+07,1.22E+08,2.22E+09,545832,1.09E+07,0.88
2021-12-30,824,943,6.20E+07,1.22E+08,2.20E+09,461038,8727458,0.74
2022-01-04,823,942,6.20E+07,1.22E+08,2.21E+09,621549,9991474,1
2022-01-05,823,942,6.20E+07,1.22E+08,2.19E+09,787346,1.54E+07,1.27
2022-01-06,823,942,6.20E+07,1.22E+08,2.16E+09,786045,1.33E+07,1.27
2022-01-07,823,942,6.20E+07,1.22E+08,2.19E+09,546172,1.06E+07,0.88
2022-01-10,823,942,6.20E+07,1.22E+08,2.17E+09,477400,1.04E+07,0.77
2022-01-11,823,942,6.20E+07,1.22E+08,2.17E+09,566172,1.06E+07,0.91
2022-01-12,823,942,6.20E+07,1.22E+08,2.20E+09,519501,1.09E+07,0.84
2022-01-13,823,942,6.20E+07,1.22E+08,2.19E+09,604871,1.15E+07,0.98
2022-01-14,823,942,6.20E+07,1.22E+08,2.16E+09,532668,1.08E+07,0.86
2022-01-17,823,942,6.20E+07,1.22E+08,2.14E+09,593261,1.04E+07,0.96
2022-01-18,821,940,6.19E+07,1.22E+08,2.12E+09,554041,1.00E+07,0.9
2022-01-19,821,940,6.19E+07,1.22E+08,2.11E+09,463829,9649067,0.75
2022-01-20,821,940,6.19E+07,1.22E+08,2.12E+09,395669,8872018,0.64
2022-01-21,821,940,6.19E+07,1.22E+08,2.10E+09,532753,1.07E+07,0.86
2022-01-24,821,940,6.19E+07,1.22E+08,2.07E+09,473993,9304491,0.77
2022-01-25,821,940,6.19E+07,1.22E+08,2.02E+09,639959,1.17E+07,1.03
2022-01-26,821,940,6.19E+07,1.22E+08,2.01E+09,472651,8978727,0.76
2022-01-27,822,941,6.22E+07,1.22E+08,2.06E+09,487727,2.05E+07,0.78
2022-01-28,822,941,6.22E+07,1.22E+08,2.09E+09,434187,1.38E+07,0.7
2022-02-03,822,941,6.22E+07,1.22E+08,2.13E+09,435710,1.25E+07,0.7
2022-02-04,822,941,6.22E+07,1.22E+08,2.16E+09,536149,1.14E+07,0.86
2022-02-07,822,941,6.22E+07,1.21E+08,2.16E+09,417838,1.13E+07,0.67
2022-02-08,822,941,6.22E+07,1.21E+08,2.16E+09,560534,1.18E+07,0.9
2022-02-09,822,941,6.22E+07,1.21E+08,2.18E+09,539124,1.03E+07,0.87
2022-02-10,822,941,6.22E+07,1.21E+08,2.18E+09,509611,1.28E+07,0.82
2022-02-11,822,941,6.22E+07,1.21E+08,2.16E+09,480520,1.10E+07,0.77
2022-02-14,822,941,6.22E+07,1.21E+08,2.13E+09,616343,1.16E+07,0.99
2022-02-15,822,941,6.22E+07,1.21E+08,2.10E+09,589039,9435834,0.95
2022-02-16,822,941,6.22E+07,1.21E+08,2.15E+09,422366,8389883,0.68
2022-02-17,822,941,6.22E+07,1.21E+08,2.16E+09,611422,1.18E+07,0.98
2022-02-18,822,941,6.22E+07,1.21E+08,2.16E+09,513521,8508342,0.83
2022-02-21,822,941,6.22E+07,1.21E+08,2.16E+09,495301,7896734,0.8
2022-02-22,821,940,6.21E+07,1.21E+08,2.13E+09,648401,1.06E+07,1.04
2022-02-23,821,940,6.21E+07,1.21E+08,2.14E+09,537841,9138534,0.87
2022-02-24,821,940,6.21E+07,1.21E+08,2.08E+09,926400,1.36E+07,1.49
2022-02-25,821,940,6.21E+07,1.21E+08,2.10E+09,664347,1.22E+07,1.07
2022-02-28,821,940,6.21E+07,1.21E+08,2.12E+09,613470,1.29E+07,0.99
2022-03-02,821,940,6.21E+07,1.21E+08,2.12E+09,527950,1.10E+07,0.85
2022-03-03,821,940,6.21E+07,1.21E+08,2.16E+09,614515,1.06E+07,0.99
2022-03-04,821,940,6.22E+07,1.22E+08,2.13E+09,765676,1.24E+07,1.23
2022-03-07,821,940,6.22E+07,1.22E+08,2.08E+09,571562,1.21E+07,0.92
2022-03-08,821,940,6.22E+07,1.22E+08,2.06E+09,540370,1.17E+07,0.87
2022-03-10,821,940,6.22E+07,1.22E+08,2.11E+09,613810,1.37E+07,0.99
2022-03-11,821,940,6.22E+07,1.22E+08,2.09E+09,797034,1.24E+07,1.28
2022-03-14,821,940,6.22E+07,1.22E+08,2.08E+09,636324,1.20E+07,1.02
2022-03-15,821,940,6.22E+07,1.22E+08,2.06E+09,604182,9583002,0.97
2022-03-16,821,940,6.22E+07,1.22E+08,2.09E+09,736354,9310851,1.18
2022-03-17,821,940,6.22E+07,1.22E+08,2.12E+09,546079,1.19E+07,0.88
2022-03-18,821,940,6.22E+07,1.22E+08,2.13E+09,644017,1.14E+07,1.03
2022-03-21,821,940,6.22E+07,1.22E+08,2.11E+09,502402,8693850,0.81
2022-03-22,820,939,6.22E+07,1.22E+08,2.13E+09,489442,9367506,0.79
2022-03-23,820,939,6.22E+07,1.22E+08,2.15E+09,883376,1.18E+07,1.42
2022-03-24,820,939,6.22E+07,1.22E+08,2.14E+09,960898,1.32E+07,1.54
2022-03-25,820,939,6.23E+07,1.22E+08,2.14E+09,602771,1.08E+07,0.97
2022-03-28,821,940,6.23E+07,1.22E+08,2.14E+09,768043,9801744,1.23
2022-03-29,821,940,6.23E+07,1.22E+08,2.15E+09,732159,1.00E+07,1.17
2022-03-30,821,940,6.27E+07,1.22E+08,2.16E+09,840134,1.11E+07,1.34
2022-03-31,821,940,6.27E+07,1.22E+08,2.16E+09,1030289,9729367,1.64
2022-04-01,821,940,6.27E+07,1.22E+08,2.15E+09,1305564,1.07E+07,2.08
2022-04-04,821,940,6.27E+07,1.22E+08,2.16E+09,1022971,9744918,1.63
2022-04-05,821,940,6.27E+07,1.22E+08,2.17E+09,1605994,9933181,2.56
2022-04-06,821,940,6.28E+07,1.22E+08,2.15E+09,1321645,1.10E+07,2.1
2022-04-07,821,940,6.28E+07,1.22E+08,2.12E+09,999276,1.23E+07,1.59
2022-04-08,821,940,6.28E+07,1.22E+08,2.12E+09,948355,1.03E+07,1.51
2022-04-11,820,939,6.28E+07,1.22E+08,2.11E+09,742602,8831630,1.18
2022-04-12,820,939,6.28E+07,1.22E+08,2.09E+09,870970,9853720,1.39
2022-04-13,820,939,6.29E+07,1.22E+08,2.13E+09,733241,9645446,1.17
2022-04-14,820,939,6.29E+07,1.22E+08,2.13E+09,665351,1.14E+07,1.06
2022-04-15,820,939,6.29E+07,1.22E+08,2.11E+09,693718,9570268,1.1
2022-04-18,820,939,6.29E+07,1.22E+08,2.11E+09,1024915,9050332,1.63
2022-04-19,820,939,6.30E+07,1.22E+08,2.13E+09,1257385,9779975,2
2022-04-20,820,939,6.30E+07,1.22E+08,2.13E+09,1736283,1.23E+07,2.76
2022-04-21,820,939,6.30E+07,1.22E+08,2.14E+09,1002973,1.15E+07,1.59
2022-04-22,820,939,6.30E+07,1.22E+08,2.12E+09,1239910,1.21E+07,1.97
2022-04-25,820,939,6.30E+07,1.22E+08,2.09E+09,1018005,1.17E+07,1.62
2022-04-26,820,939,6.30E+07,1.22E+08,2.09E+09,889942,1.08E+07,1.41
2022-04-27,820,939,6.30E+07,1.22E+08,2.07E+09,1072367,1.26E+07,1.7
2022-04-28,820,940,6.31E+07,1.22E+08,2.10E+09,899169,1.25E+07,1.43
2022-04-29,820,940,6.31E+07,1.22E+08,2.12E+09,975253,1.27E+07,1.55
2022-05-02,820,940,6.31E+07,1.22E+08,2.11E+09,873723,9075649,1.39
2022-05-03,820,940,6.31E+07,1.22E+08,2.11E+09,883403,9199338,1.4
2022-05-04,820,940,6.29E+07,1.22E+08,2.11E+09,1181020,9903934,1.88
2022-05-06,820,940,6.29E+07,1.22E+08,2.08E+09,1333936,1.06E+07,2.12
2022-05-10,820,940,6.29E+07,1.22E+08,2.04E+09,841463,1.08E+07,1.34
2022-05-11,820,940,6.29E+07,1.22E+08,2.04E+09,679510,8608259,1.08
2022-05-12,820,940,6.30E+07,1.22E+08,2.01E+09,900331,1.22E+07,1.43
2022-05-13,820,940,6.30E+07,1.22E+08,2.05E+09,788539,1.03E+07,1.25
2022-05-16,820,940,6.30E+07,1.22E+08,2.04E+09,780199,8528537,1.24
2022-05-17,820,940,6.30E+07,1.22E+08,2.06E+09,873519,9658877,1.39
2022-05-18,820,940,6.30E+07,1.22E+08,2.07E+09,870268,1.00E+07,1.38
2022-05-19,820,940,6.30E+07,1.22E+08,2.04E+09,677595,9883990,1.08
2022-05-20,820,940,6.30E+07,1.22E+08,2.08E+09,755653,9634339,1.2
2022-05-23,820,940,6.30E+07,1.22E+08,2.08E+09,644205,7815204,1.02
2022-05-24,820,940,6.22E+07,1.22E+08,2.05E+09,851236,8703526,1.37
2022-05-25,820,940,6.22E+07,1.22E+08,2.06E+09,712611,8353419,1.15
2022-05-26,820,940,6.22E+07,1.22E+08,2.06E+09,595849,8613524,0.96
2022-05-27,820,940,6.22E+07,1.22E+08,2.08E+09,590814,8028159,0.95
2022-05-30,820,940,6.22E+07,1.22E+08,2.10E+09,469798,7473952,0.76
2022-05-31,821,941,6.22E+07,1.22E+08,2.11E+09,671679,1.40E+07,1.08
2022-06-02,821,941,6.22E+07,1.22E+08,2.09E+09,525259,7860485,0.84
2022-06-03,821,941,6.22E+07,1.22E+08,2.10E+09,562470,7566758,0.9
2022-06-07,821,941,6.22E+07,1.22E+08,2.07E+09,524710,8948924,0.84
2022-06-08,821,941,6.22E+07,1.22E+08,2.07E+09,576390,7964335,0.93
2022-06-09,821,941,6.22E+07,1.22E+08,2.07E+09,814883,1.09E+07,1.31
2022-06-10,821,941,6.22E+07,1.22E+08,2.04E+09,724090,8285964,1.16
2022-06-13,821,941,6.22E+07,1.22E+08,1.97E+09,660309,1.03E+07,1.06
2022-06-14,821,941,6.22E+07,1.22E+08,1.96E+09,671757,9992820,1.08
2022-06-15,821,941,6.22E+07,1.22E+08,1.93E+09,714143,9936928,1.15
2022-06-16,821,941,6.22E+07,1.22E+08,1.93E+09,584041,9588187,0.94
2022-06-17,821,941,6.22E+07,1.22E+08,1.92E+09,634897,1.12E+07,1.02
2022-06-20,821,941,6.22E+07,1.22E+08,1.88E+09,592702,9092289,0.95
2022-06-21,821,941,6.22E+07,1.22E+08,1.89E+09,479678,7440755,0.77
2022-06-22,821,941,6.22E+07,1.22E+08,1.84E+09,532139,8690134,0.86
2022-06-23,821,941,6.22E+07,1.22E+08,1.82E+09,749661,1.02E+07,1.2
2022-06-24,821,941,6.22E+07,1.22E+08,1.86E+09,654446,8469156,1.05
2022-06-27,821,941,6.22E+07,1.22E+08,1.89E+09,510587,7656358,0.82
2022-06-28,821,941,6.22E+07,1.22E+08,1.91E+09,564986,7193434,0.91
2022-06-29,821,941,6.22E+07,1.22E+08,1.87E+09,422127,7965810,0.68
2022-06-30,821,941,6.22E+07,1.22E+08,1.84E+09,515396,8923481,0.83
2022-07-01,821,941,6.22E+07,1.22E+08,1.81E+09,530346,8687669,0.85
2022-07-04,821,941,6.22E+07,1.22E+08,1.81E+09,467960,7339365,0.75
2022-07-05,821,941,6.22E+07,1.22E+08,1.84E+09,323905,6890579,0.52
2022-07-06,821,941,6.22E+07,1.22E+08,1.80E+09,410732,8919472,0.66
2022-07-07,821,941,6.22E+07,1.22E+08,1.84E+09,340173,7652636,0.55
2022-07-08,821,941,6.23E+07,1.22E+08,1.85E+09,411425,7008118,0.66
2022-07-11,821,941,6.23E+07,1.22E+08,1.84E+09,377108,6301234,0.61
2022-07-12,821,941,6.23E+07,1.22E+08,1.82E+09,379308,6369258,0.61
2022-07-13,821,941,6.23E+07,1.22E+08,1.83E+09,308806,5998501,0.5
2022-07-14,821,941,6.23E+07,1.22E+08,1.83E+09,349138,6539857,0.56
2022-07-15,821,938,6.23E+07,1.22E+08,1.84E+09,319675,7383211,0.51
2022-07-18,821,938,6.23E+07,1.22E+08,1.87E+09,324357,7104661,0.52
2022-07-19,821,938,6.24E+07,1.22E+08,1.87E+09,339378,6556191,0.54
2022-07-20,820,937,6.24E+07,1.22E+08,1.88E+09,333329,7434804,0.53
2022-07-21,820,937,6.24E+07,1.22E+08,1.90E+09,295624,6309071,0.47
2022-07-22,820,937,6.24E+07,1.22E+08,1.89E+09,381597,6973851,0.61
2022-07-25,820,937,6.24E+07,1.22E+08,1.89E+09,323091,5959859,0.52
2022-07-26,820,937,6.24E+07,1.22E+08,1.90E+09,415671,6240741,0.67
2022-07-27,820,937,6.24E+07,1.22E+08,1.90E+09,333588,7049803,0.53
2022-07-28,820,937,6.24E+07,1.22E+08,1.92E+09,491073,9196435,0.79
2022-07-29,820,937,6.24E+07,1.22E+08,1.93E+09,499369,1.03E+07,0.8
2022-08-01,821,938,6.24E+07,1.22E+08,1.93E+09,487160,7509598,0.78
2022-08-02,821,938,6.24E+07,1.22E+08,1.92E+09,549924,7266264,0.88
2022-08-03,821,938,6.24E+07,1.22E+08,1.94E+09,475302,6751539,0.76
2022-08-04,821,938,6.24E+07,1.22E+08,1.95E+09,399965,7506315,0.64
2022-08-05,821,938,6.30E+07,1.23E+08,1.96E+09,409776,7561092,0.65
2022-08-08,821,938,6.30E+07,1.23E+08,1.96E+09,418234,7613758,0.66
2022-08-09,821,938,6.30E+07,1.23E+08,1.97E+09,454364,8940803,0.72
2022-08-10,821,938,6.28E+07,1.23E+08,1.95E+09,479467,9029482,0.76
2022-08-11,821,938,6.29E+07,1.23E+08,1.99E+09,505246,9710840,0.8
2022-08-12,821,938,6.29E+07,1.23E+08,1.99E+09,445547,8028577,0.71
2022-08-16,821,938,6.29E+07,1.23E+08,2.00E+09,398335,8064107,0.63
2022-08-17,821,938,6.29E+07,1.23E+08,1.98E+09,418053,7153680,0.66
2022-08-18,821,938,6.29E+07,1.23E+08,1.98E+09,381628,7105985,0.61
2022-08-19,821,938,6.29E+07,1.23E+08,1.96E+09,459835,7138648,0.73
2022-08-22,822,939,6.29E+07,1.23E+08,1.94E+09,422552,6108019,0.67
2022-08-23,822,939,6.29E+07,1.23E+08,1.92E+09,471166,7560708,0.75
2022-08-24,822,939,6.29E+07,1.23E+08,1.93E+09,423502,8119784,0.67
2022-08-25,822,939,6.29E+07,1.23E+08,1.95E+09,426230,7286329,0.68
2022-08-26,822,939,6.30E+07,1.23E+08,1.96E+09,520091,8628665,0.83
2022-08-29,822,939,6.30E+07,1.23E+08,1.91E+09,448746,7891467,0.71
2022-08-30,822,939,6.30E+07,1.23E+08,1.93E+09,336555,6826615,0.53
2022-08-31,822,939,6.30E+07,1.23E+08,1.95E+09,436247,9562592,0.69
2022-09-01,822,939,6.30E+07,1.23E+08,1.90E+09,580021,8452318,0.92
2022-09-02,822,939,6.30E+07,1.23E+08,1.90E+09,391599,7214620,0.62
2022-09-05,822,939,6.30E+07,1.23E+08,1.89E+09,354738,6277834,0.56
2022-09-06,822,939,6.30E+07,1.23E+08,1.90E+09,294224,5476236,0.47
2022-09-07,822,939,6.30E+07,1.23E+08,1.87E+09,378200,7530890,0.6
2022-09-08,822,939,6.30E+07,1.23E+08,1.88E+09,423621,9208735,0.67
2022-09-13,822,939,6.30E+07,1.23E+08,1.93E+09,367103,9165153,0.58
2022-09-14,822,939,6.30E+07,1.23E+08,1.90E+09,461508,7625505,0.73
2022-09-15,822,939,6.30E+07,1.23E+08,1.89E+09,424111,7432764,0.67
2022-09-16,822,939,6.30E+07,1.23E+08,1.88E+09,440799,8690464,0.7
2022-09-19,822,939,6.30E+07,1.23E+08,1.86E+09,403937,6885919,0.64
2022-09-20,822,939,6.30E+07,1.23E+08,1.87E+09,419340,7013236,0.67
2022-09-21,822,939,6.30E+07,1.23E+08,1.85E+09,378165,6269073,0.6
2022-09-22,822,939,6.30E+07,1.23E+08,1.84E+09,446820,7413267,0.71
2022-09-23,822,939,6.30E+07,1.23E+08,1.80E+09,446461,7416796,0.71
2022-09-26,822,939,6.30E+07,1.23E+08,1.75E+09,621995,9461818,0.99
2022-09-27,822,939,6.30E+07,1.23E+08,1.75E+09,487940,8005557,0.77
2022-09-28,822,939,6.30E+07,1.23E+08,1.71E+09,596136,9208350,0.95
2022-09-29,822,939,6.30E+07,1.23E+08,1.71E+09,508501,7240707,0.81
2022-09-30,822,939,6.31E+07,1.23E+08,1.70E+09,950270,7923751,1.51
2022-10-04,822,939,6.31E+07,1.23E+08,1.74E+09,421003,7500281,0.67
2022-10-05,822,939,6.31E+07,1.23E+08,1.75E+09,855790,9509080,1.36
2022-10-06,823,940,6.32E+07,1.23E+08,1.77E+09,643016,6850065,1.02
2022-10-07,823,940,6.33E+07,1.23E+08,1.76E+09,428683,7831444,0.68
2022-10-11,823,940,6.33E+07,1.23E+08,1.73E+09,859509,7867859,1.36
2022-10-12,823,940,6.33E+07,1.23E+08,1.74E+09,658348,7409131,1.04
2022-10-13,823,940,6.33E+07,1.23E+08,1.71E+09,792452,7169779,1.25
2022-10-14,823,940,6.33E+07,1.23E+08,1.75E+09,513524,7161818,0.81
2022-10-17,823,940,6.32E+07,1.23E+08,1.75E+09,498781,6526810,0.79
2022-10-18,823,940,6.32E+07,1.23E+08,1.78E+09,580892,7249919,0.92
2022-10-19,823,940,6.32E+07,1.23E+08,1.77E+09,895161,7738879,1.42
2022-10-20,823,940,6.32E+07,1.23E+08,1.75E+09,1108103,8325030,1.75
2022-10-21,823,940,6.32E+07,1.23E+08,1.75E+09,637486,6228174,1.01
2022-10-24,823,940,6.32E+07,1.23E+08,1.77E+09,444820,6846985,0.7
2022-10-25,823,940,6.32E+07,1.23E+08,1.77E+09,456770,7030017,0.72
2022-10-26,823,940,6.32E+07,1.23E+08,1.78E+09,563442,7492743,0.89
2022-10-27,823,940,6.32E+07,1.23E+08,1.81E+09,587872,8435337,0.93
2022-10-28,823,940,6.32E+07,1.23E+08,1.79E+09,427245,8289371,0.68
2022-10-31,823,940,6.32E+07,1.23E+08,1.81E+09,401400,8679296,0.63
2022-11-01,823,940,6.32E+07,1.23E+08,1.84E+09,597206,9476615,0.94
2022-11-02,823,940,6.32E+07,1.23E+08,1.84E+09,450635,9568101,0.71
2022-11-03,824,941,6.33E+07,1.23E+08,1.84E+09,550428,9273251,0.87
2022-11-04,824,941,6.33E+07,1.23E+08,1.85E+09,436430,7927339,0.69
2022-11-07,824,941,6.33E+07,1.23E+08,1.87E+09,392509,8059881,0.62
2022-11-08,824,941,6.33E+07,1.23E+08,1.89E+09,500088,8601453,0.79
2022-11-09,824,941,6.33E+07,1.23E+08,1.92E+09,680722,9342672,1.08
2022-11-10,824,941,6.33E+07,1.23E+08,1.90E+09,899127,9344425,1.42
2022-11-11,824,941,6.33E+07,1.23E+08,1.96E+09,758248,1.39E+07,1.2
2022-11-14,824,941,6.33E+07,1.23E+08,1.95E+09,731166,1.12E+07,1.15
2022-11-15,824,941,6.33E+07,1.23E+08,1.96E+09,617401,9308852,0.98
2022-11-16,824,941,6.33E+07,1.23E+08,1.96E+09,657834,9880428,1.04
2022-11-17,824,941,6.33E+07,1.23E+08,1.93E+09,914519,8556989,1.44
2022-11-18,824,941,6.33E+07,1.23E+08,1.93E+09,589586,7444437,0.93
2022-11-21,824,941,6.33E+07,1.23E+08,1.91E+09,544529,7049427,0.86
2022-11-22,824,941,6.33E+07,1.23E+08,1.90E+09,539169,7253676,0.85
2022-11-23,824,941,6.33E+07,1.23E+08,1.91E+09,474789,7477108,0.75
2022-11-24,824,941,6.34E+07,1.23E+08,1.93E+09,481185,6849559,0.76
2022-11-25,824,941,6.34E+07,1.23E+08,1.93E+09,438394,6347579,0.69
2022-11-28,825,942,6.34E+07,1.23E+08,1.90E+09,350497,6462501,0.55
2022-11-29,825,942,6.34E+07,1.23E+08,1.92E+09,550175,6533346,0.87
2022-11-30,825,942,6.34E+07,1.23E+08,1.95E+09,594127,1.25E+07,0.94
2022-12-01,825,942,6.34E+07,1.23E+08,1.96E+09,491383,8850099,0.77
2022-12-02,825,942,6.33E+07,1.23E+08,1.92E+09,468847,7328393,0.74
2022-12-05,825,942,6.33E+07,1.23E+08,1.91E+09,385586,7717406,0.61
2022-12-06,825,942,6.33E+07,1.23E+08,1.89E+09,368636,6477022,0.58
2022-12-07,825,942,6.33E+07,1.23E+08,1.88E+09,332587,6080662,0.53
2022-12-08,825,942,6.33E+07,1.23E+08,1.87E+09,351939,7552997,0.56
2022-12-09,825,942,6.33E+07,1.23E+08,1.89E+09,315674,7220198,0.5
2022-12-12,825,942,6.34E+07,1.23E+08,1.88E+09,499225,5822260,0.79
2022-12-13,825,942,6.34E+07,1.23E+08,1.87E+09,447565,6659361,0.71
2022-12-14,825,942,6.34E+07,1.23E+08,1.90E+09,409799,5724107,0.65
2022-12-15,825,942,6.33E+07,1.23E+08,1.87E+09,375386,6134217,0.59
2022-12-16,825,942,6.34E+07,1.23E+08,1.87E+09,414172,7206180,0.65
2022-12-19,825,942,6.33E+07,1.23E+08,1.86E+09,323987,5018052,0.51
2022-12-20,825,942,6.33E+07,1.23E+08,1.84E+09,358771,5335838,0.57
2022-12-21,825,942,6.33E+07,1.23E+08,1.84E+09,329724,5102490,0.52
2022-12-22,826,943,6.34E+07,1.23E+08,1.86E+09,553053,9460859,0.87
2022-12-23,826,943,6.34E+07,1.23E+08,1.83E+09,366989,5935798,0.58
2022-12-26,826,943,6.34E+07,1.23E+08,1.83E+09,427845,5205750,0.67
2022-12-27,826,943,6.35E+07,1.23E+08,1.84E+09,448499,7126994,0.71
2022-12-28,826,943,6.35E+07,1.23E+08,1.80E+09,405894,7566893,0.64
2022-12-29,826,943,6.35E+07,1.23E+08,1.77E+09,361194,6036542,0.57
